"Ma","T","U:0","U:1","U:2","p","rho","vtkValidPointMask","arc_length","Points:0","Points:1","Points:2"
0.32574,587.53,158.29,0,0,4.6457e+05,2.7541,1,0,0,0.001,0.0005
0.32579,587.53,158.31,-0.023032,0,4.6452e+05,2.7539,1,0.00028,0.00028,0.001,0.0005
0.32584,587.52,158.34,-0.046074,0,4.6447e+05,2.7536,1,0.00056,0.00056,0.001,0.0005
0.32589,587.51,158.36,-0.069124,0,4.6442e+05,2.7533,1,0.00084,0.00084,0.001,0.0005
0.32594,587.51,158.38,-0.092184,0,4.6437e+05,2.7531,1,0.00112,0.00112,0.001,0.0005
0.32599,587.5,158.41,-0.11525,0,4.6432e+05,2.7528,1,0.0014,0.0014,0.001,0.0005
0.32604,587.49,158.43,-0.13833,0,4.6427e+05,2.7525,1,0.00168,0.00168,0.001,0.0005
0.32609,587.49,158.46,-0.16162,0,4.6423e+05,2.7523,1,0.00196,0.00196,0.001,0.0005
0.32614,587.48,158.48,-0.18495,0,4.6419e+05,2.7521,1,0.00224,0.00224,0.001,0.0005
0.32619,587.48,158.5,-0.2083,0,4.6416e+05,2.7519,1,0.00252,0.00252,0.001,0.0005
0.32624,587.48,158.53,-0.23165,0,4.6412e+05,2.7517,1,0.0028,0.0028,0.001,0.0005
0.32629,587.47,158.55,-0.25502,0,4.6408e+05,2.7515,1,0.00308,0.00308,0.001,0.0005
0.32634,587.47,158.57,-0.2784,0,4.6405e+05,2.7513,1,0.00336,0.00336,0.001,0.0005
0.32635,587.47,158.58,-0.30851,0,4.6405e+05,2.7513,1,0.00364,0.00364,0.001,0.0005
0.32636,587.48,158.58,-0.34072,0,4.6406e+05,2.7514,1,0.00392,0.00392,0.001,0.0005
0.32636,587.48,158.59,-0.37295,0,4.6407e+05,2.7514,1,0.0042,0.0042,0.001,0.0005
0.32637,587.49,158.59,-0.40519,0,4.6409e+05,2.7515,1,0.00448,0.00448,0.001,0.0005
0.32637,587.49,158.59,-0.43744,0,4.641e+05,2.7515,1,0.00476,0.00476,0.001,0.0005
0.32638,587.5,158.59,-0.4697,0,4.6411e+05,2.7516,1,0.00504,0.00504,0.001,0.0005
0.32637,587.51,158.59,-0.504,0,4.6415e+05,2.7517,1,0.00532,0.00532,0.001,0.0005
0.32636,587.51,158.59,-0.53917,0,4.6419e+05,2.752,1,0.0056,0.0056,0.001,0.0005
0.32635,587.52,158.58,-0.57435,0,4.6424e+05,2.7522,1,0.00588,0.00588,0.001,0.0005
0.32634,587.53,158.58,-0.60955,0,4.6429e+05,2.7524,1,0.00616,0.00616,0.001,0.0005
0.32633,587.54,158.58,-0.64477,0,4.6433e+05,2.7526,1,0.00644,0.00644,0.001,0.0005
0.32632,587.55,158.57,-0.68,0,4.6438e+05,2.7529,1,0.00672,0.00672,0.001,0.0005
0.3263,587.57,158.56,-0.71503,0,4.6445e+05,2.7532,1,0.007,0.007,0.001,0.0005
0.32626,587.59,158.55,-0.74997,0,4.6453e+05,2.7536,1,0.00728,0.00728,0.001,0.0005
0.32623,587.6,158.53,-0.78493,0,4.6461e+05,2.754,1,0.00756,0.00756,0.001,0.0005
0.32619,587.62,158.52,-0.8199,0,4.647e+05,2.7544,1,0.00784,0.00784,0.001,0.0005
0.32616,587.64,158.51,-0.85489,0,4.6478e+05,2.7549,1,0.00812,0.00812,0.001,0.0005
0.32612,587.66,158.49,-0.8899,0,4.6486e+05,2.7553,1,0.0084,0.0084,0.001,0.0005
0.32608,587.68,158.47,-0.92235,0,4.6497e+05,2.7558,1,0.00868,0.00868,0.001,0.0005
0.32604,587.71,158.45,-0.9537,0,4.6508e+05,2.7563,1,0.00896,0.00896,0.001,0.0005
0.32599,587.73,158.44,-0.98506,0,4.652e+05,2.7569,1,0.00924,0.00924,0.001,0.0005
0.32595,587.76,158.42,-1.0164,0,4.6531e+05,2.7575,1,0.00952,0.00952,0.001,0.0005
0.3259,587.78,158.4,-1.0478,0,4.6543e+05,2.758,1,0.0098,0.0098,0.001,0.0005
0.32585,587.81,158.38,-1.0792,0,4.6554e+05,2.7586,1,0.01008,0.01008,0.001,0.0005
0.3258,587.84,158.36,-1.1067,0,4.6568e+05,2.7592,1,0.01036,0.01036,0.001,0.0005
0.32574,587.88,158.33,-1.133,0,4.6582e+05,2.7599,1,0.01064,0.01064,0.001,0.0005
0.32569,587.91,158.31,-1.1593,0,4.6596e+05,2.7606,1,0.01092,0.01092,0.001,0.0005
0.32563,587.94,158.29,-1.1856,0,4.661e+05,2.7612,1,0.0112,0.0112,0.001,0.0005
0.32557,587.98,158.26,-1.2119,0,4.6624e+05,2.7619,1,0.01148,0.01148,0.001,0.0005
0.32551,588.01,158.24,-1.2382,0,4.6638e+05,2.7626,1,0.01176,0.01176,0.001,0.0005
0.32545,588.06,158.22,-1.2589,0,4.6653e+05,2.7633,1,0.01204,0.01204,0.001,0.0005
0.32539,588.1,158.19,-1.2788,0,4.6669e+05,2.764,1,0.01232,0.01232,0.001,0.0005
0.32533,588.14,158.17,-1.2986,0,4.6685e+05,2.7648,1,0.0126,0.0126,0.001,0.0005
0.32527,588.18,158.15,-1.3185,0,4.67e+05,2.7655,1,0.01288,0.01288,0.001,0.0005
0.32522,588.23,158.12,-1.3384,0,4.6716e+05,2.7662,1,0.01316,0.01316,0.001,0.0005
0.32516,588.27,158.1,-1.3581,0,4.6732e+05,2.7669,1,0.01344,0.01344,0.001,0.0005
0.32511,588.32,158.08,-1.3708,0,4.6747e+05,2.7676,1,0.01372,0.01372,0.001,0.0005
0.32507,588.36,158.07,-1.3834,0,4.6763e+05,2.7683,1,0.014,0.014,0.001,0.0005
0.32503,588.41,158.06,-1.3961,0,4.6778e+05,2.769,1,0.01428,0.01428,0.001,0.0005
0.32499,588.46,158.04,-1.4087,0,4.6794e+05,2.7698,1,0.01456,0.01456,0.001,0.0005
0.32495,588.5,158.03,-1.4214,0,4.681e+05,2.7705,1,0.01484,0.01484,0.001,0.0005
0.32492,588.55,158.02,-1.4322,0,4.6825e+05,2.7711,1,0.01512,0.01512,0.001,0.0005
0.32492,588.59,158.03,-1.4374,0,4.6839e+05,2.7717,1,0.0154,0.0154,0.001,0.0005
0.32492,588.64,158.03,-1.4426,0,4.6852e+05,2.7723,1,0.01568,0.01568,0.001,0.0005
0.32492,588.68,158.04,-1.4478,0,4.6866e+05,2.7729,1,0.01596,0.01596,0.001,0.0005
0.32492,588.73,158.05,-1.453,0,4.688e+05,2.7735,1,0.01624,0.01624,0.001,0.0005
0.32493,588.77,158.05,-1.4582,0,4.6893e+05,2.7741,1,0.01652,0.01652,0.001,0.0005
0.32497,588.81,158.08,-1.4598,0,4.6905e+05,2.7746,1,0.0168,0.0168,0.001,0.0005
0.32504,588.84,158.12,-1.458,0,4.6915e+05,2.7751,1,0.01708,0.01708,0.001,0.0005
0.32511,588.88,158.16,-1.4562,0,4.6924e+05,2.7755,1,0.01736,0.01736,0.001,0.0005
0.32519,588.91,158.2,-1.4543,0,4.6934e+05,2.7759,1,0.01764,0.01764,0.001,0.0005
0.32526,588.95,158.24,-1.4525,0,4.6943e+05,2.7763,1,0.01792,0.01792,0.001,0.0005
0.32533,588.98,158.28,-1.4506,0,4.6953e+05,2.7767,1,0.0182,0.0182,0.001,0.0005
0.32548,589,158.35,-1.4447,0,4.6958e+05,2.7769,1,0.01848,0.01848,0.001,0.0005
0.32564,589.02,158.43,-1.4379,0,4.6963e+05,2.7771,1,0.01876,0.01876,0.001,0.0005
0.32579,589.04,158.51,-1.4311,0,4.6967e+05,2.7772,1,0.01904,0.01904,0.001,0.0005
0.32595,589.06,158.59,-1.4243,0,4.6971e+05,2.7774,1,0.01932,0.01932,0.001,0.0005
0.32611,589.08,158.67,-1.4175,0,4.6976e+05,2.7776,1,0.0196,0.0196,0.001,0.0005
0.32628,589.09,158.76,-1.41,0,4.6979e+05,2.7777,1,0.01988,0.01988,0.001,0.0005
0.32651,589.1,158.87,-1.3997,0,4.6978e+05,2.7776,1,0.02016,0.02016,0.001,0.0005
0.32674,589.1,158.98,-1.3895,0,4.6978e+05,2.7776,1,0.02044,0.02044,0.001,0.0005
0.32697,589.1,159.09,-1.3793,0,4.6978e+05,2.7776,1,0.02072,0.02072,0.001,0.0005
0.3272,589.11,159.21,-1.369,0,4.6977e+05,2.7775,1,0.021,0.021,0.001,0.0005
0.32743,589.11,159.32,-1.3587,0,4.6977e+05,2.7775,1,0.02128,0.02128,0.001,0.0005
0.32771,589.1,159.45,-1.3469,0,4.6973e+05,2.7773,1,0.02156,0.02156,0.001,0.0005
0.32801,589.09,159.6,-1.3341,0,4.6968e+05,2.7771,1,0.02184,0.02184,0.001,0.0005
0.32832,589.08,159.75,-1.3213,0,4.6963e+05,2.7768,1,0.02212,0.02212,0.001,0.0005
0.32862,589.06,159.89,-1.3085,0,4.6958e+05,2.7766,1,0.0224,0.0224,0.001,0.0005
0.32893,589.05,160.04,-1.2957,0,4.6953e+05,2.7763,1,0.02268,0.02268,0.001,0.0005
0.32924,589.04,160.19,-1.2827,0,4.6947e+05,2.7761,1,0.02296,0.02296,0.001,0.0005
0.32963,589.01,160.38,-1.268,0,4.6936e+05,2.7756,1,0.02324,0.02324,0.001,0.0005
0.33003,588.98,160.56,-1.2533,0,4.6926e+05,2.7751,1,0.02352,0.02352,0.001,0.0005
0.33042,588.95,160.75,-1.2386,0,4.6916e+05,2.7746,1,0.0238,0.0238,0.001,0.0005
0.33081,588.92,160.94,-1.2239,0,4.6905e+05,2.7741,1,0.02408,0.02408,0.001,0.0005
0.3312,588.89,161.13,-1.2091,0,4.6895e+05,2.7737,1,0.02436,0.02436,0.001,0.0005
0.33165,588.85,161.34,-1.1934,0,4.6881e+05,2.773,1,0.02464,0.02464,0.001,0.0005
0.33212,588.81,161.56,-1.1771,0,4.6866e+05,2.7723,1,0.02492,0.02492,0.001,0.0005
0.3326,588.76,161.79,-1.1609,0,4.685e+05,2.7716,1,0.0252,0.0252,0.001,0.0005
0.33308,588.72,162.01,-1.1446,0,4.6835e+05,2.7709,1,0.02548,0.02548,0.001,0.0005
0.33355,588.67,162.24,-1.1283,0,4.6819e+05,2.7702,1,0.02576,0.02576,0.001,0.0005
0.33404,588.62,162.47,-1.1118,0,4.6802e+05,2.7695,1,0.02604,0.02604,0.001,0.0005
0.3346,588.56,162.73,-1.0948,0,4.6782e+05,2.7685,1,0.02632,0.02632,0.001,0.0005
0.33516,588.5,163,-1.0778,0,4.6762e+05,2.7676,1,0.0266,0.0266,0.001,0.0005
0.33571,588.44,163.26,-1.0607,0,4.6741e+05,2.7667,1,0.02688,0.02688,0.001,0.0005
0.33627,588.38,163.52,-1.0437,0,4.6721e+05,2.7658,1,0.02716,0.02716,0.001,0.0005
0.33682,588.32,163.78,-1.0266,0,4.67e+05,2.7648,1,0.02744,0.02744,0.001,0.0005
0.33744,588.25,164.07,-1.01,0,4.6676e+05,2.7637,1,0.02772,0.02772,0.001,0.0005
0.33807,588.18,164.37,-0.99349,0,4.6651e+05,2.7626,1,0.028,0.028,0.001,0.0005
0.3387,588.1,164.67,-0.97697,0,4.6627e+05,2.7615,1,0.02828,0.02828,0.001,0.0005
0.33933,588.03,164.96,-0.96043,0,4.6602e+05,2.7604,1,0.02856,0.02856,0.001,0.0005
0.33996,587.96,165.26,-0.94389,0,4.6577e+05,2.7592,1,0.02884,0.02884,0.001,0.0005
0.34063,587.88,165.57,-0.9283,0,4.655e+05,2.758,1,0.02912,0.02912,0.001,0.0005
0.34132,587.8,165.9,-0.91358,0,4.6522e+05,2.7567,1,0.0294,0.0294,0.001,0.0005
0.34202,587.71,166.22,-0.89886,0,4.6493e+05,2.7554,1,0.02968,0.02968,0.001,0.0005
0.34272,587.63,166.55,-0.88413,0,4.6464e+05,2.7541,1,0.02996,0.02996,0.001,0.0005
0.34341,587.54,166.88,-0.8694,0,4.6436e+05,2.7528,1,0.03024,0.03024,0.001,0.0005
0.34412,587.46,167.21,-0.85532,0,4.6407e+05,2.7515,1,0.03052,0.03052,0.001,0.0005
0.34487,587.37,167.56,-0.84341,0,4.6375e+05,2.7501,1,0.0308,0.0308,0.001,0.0005
0.34562,587.28,167.91,-0.83149,0,4.6344e+05,2.7486,1,0.03108,0.03108,0.001,0.0005
0.34637,587.19,168.26,-0.81958,0,4.6313e+05,2.7472,1,0.03136,0.03136,0.001,0.0005
0.34712,587.09,168.61,-0.80766,0,4.6281e+05,2.7458,1,0.03164,0.03164,0.001,0.0005
0.34787,587,168.97,-0.79573,0,4.625e+05,2.7443,1,0.03192,0.03192,0.001,0.0005
0.34866,586.91,169.34,-0.78697,0,4.6217e+05,2.7428,1,0.0322,0.0322,0.001,0.0005
0.34946,586.81,169.71,-0.77821,0,4.6183e+05,2.7413,1,0.03248,0.03248,0.001,0.0005
0.35025,586.71,170.08,-0.76945,0,4.615e+05,2.7397,1,0.03276,0.03276,0.001,0.0005
0.35105,586.62,170.45,-0.7607,0,4.6117e+05,2.7382,1,0.03304,0.03304,0.001,0.0005
0.35184,586.52,170.82,-0.75195,0,4.6083e+05,2.7367,1,0.03332,0.03332,0.001,0.0005
0.35266,586.42,171.21,-0.74579,0,4.6049e+05,2.7351,1,0.0336,0.0336,0.001,0.0005
0.3535,586.32,171.6,-0.74026,0,4.6014e+05,2.7335,1,0.03388,0.03388,0.001,0.0005
0.35433,586.22,171.99,-0.73474,0,4.5979e+05,2.7319,1,0.03416,0.03416,0.001,0.0005
0.35516,586.12,172.38,-0.72922,0,4.5944e+05,2.7303,1,0.03444,0.03444,0.001,0.0005
0.35599,586.02,172.77,-0.72371,0,4.591e+05,2.7287,1,0.03472,0.03472,0.001,0.0005
0.35685,585.92,173.17,-0.72023,0,4.5874e+05,2.7271,1,0.035,0.035,0.001,0.0005
0.35771,585.81,173.57,-0.7178,0,4.5838e+05,2.7254,1,0.03528,0.03528,0.001,0.0005
0.35858,585.71,173.98,-0.71539,0,4.5803e+05,2.7238,1,0.03556,0.03556,0.001,0.0005
0.35945,585.61,174.38,-0.71297,0,4.5767e+05,2.7221,1,0.03584,0.03584,0.001,0.0005
0.36031,585.5,174.79,-0.71057,0,4.5731e+05,2.7205,1,0.03612,0.03612,0.001,0.0005
0.36119,585.4,175.2,-0.70987,0,4.5695e+05,2.7188,1,0.0364,0.0364,0.001,0.0005
0.36209,585.3,175.62,-0.71052,0,4.5658e+05,2.7171,1,0.03668,0.03668,0.001,0.0005
0.36298,585.19,176.04,-0.71118,0,4.5622e+05,2.7154,1,0.03696,0.03696,0.001,0.0005
0.36388,585.09,176.45,-0.71184,0,4.5585e+05,2.7138,1,0.03724,0.03724,0.001,0.0005
0.36477,584.98,176.87,-0.71252,0,4.5549e+05,2.7121,1,0.03752,0.03752,0.001,0.0005
0.36568,584.88,177.3,-0.71462,0,4.5512e+05,2.7104,1,0.0378,0.0378,0.001,0.0005
0.3666,584.77,177.73,-0.71812,0,4.5476e+05,2.7087,1,0.03808,0.03808,0.001,0.0005
0.36752,584.67,178.15,-0.72164,0,4.5439e+05,2.707,1,0.03836,0.03836,0.001,0.0005
0.36843,584.56,178.58,-0.72516,0,4.5403e+05,2.7053,1,0.03864,0.03864,0.001,0.0005
0.36935,584.46,179.01,-0.7287,0,4.5366e+05,2.7036,1,0.03892,0.03892,0.001,0.0005
0.37028,584.35,179.44,-0.73358,0,4.5329e+05,2.7019,1,0.0392,0.0392,0.001,0.0005
0.37121,584.25,179.88,-0.73987,0,4.5293e+05,2.7002,1,0.03948,0.03948,0.001,0.0005
0.37215,584.14,180.32,-0.74616,0,4.5256e+05,2.6985,1,0.03976,0.03976,0.001,0.0005
0.37308,584.04,180.76,-0.75247,0,4.522e+05,2.6968,1,0.04004,0.04004,0.001,0.0005
0.37402,583.93,181.19,-0.75879,0,4.5183e+05,2.6951,1,0.04032,0.04032,0.001,0.0005
0.37496,583.83,181.63,-0.76655,0,4.5147e+05,2.6934,1,0.0406,0.0406,0.001,0.0005
0.37591,583.72,182.08,-0.77561,0,4.511e+05,2.6917,1,0.04088,0.04088,0.001,0.0005
0.37686,583.62,182.52,-0.78469,0,4.5074e+05,2.6901,1,0.04116,0.04116,0.001,0.0005
0.37781,583.51,182.96,-0.79379,0,4.5038e+05,2.6884,1,0.04144,0.04144,0.001,0.0005
0.37877,583.41,183.41,-0.80291,0,4.5001e+05,2.6867,1,0.04172,0.04172,0.001,0.0005
0.37972,583.31,183.86,-0.81392,0,4.4966e+05,2.685,1,0.042,0.042,0.001,0.0005
0.38068,583.2,184.3,-0.82621,0,4.493e+05,2.6834,1,0.04228,0.04228,0.001,0.0005
0.38164,583.1,184.75,-0.83853,0,4.4894e+05,2.6817,1,0.04256,0.04256,0.001,0.0005
0.3826,583,185.2,-0.85086,0,4.4859e+05,2.68,1,0.04284,0.04284,0.001,0.0005
0.38356,582.9,185.65,-0.86322,0,4.4823e+05,2.6784,1,0.04312,0.04312,0.001,0.0005
0.38452,582.8,186.1,-0.87795,0,4.4788e+05,2.6768,1,0.0434,0.0434,0.001,0.0005
0.38548,582.7,186.55,-0.8936,0,4.4754e+05,2.6751,1,0.04368,0.04368,0.001,0.0005
0.38644,582.6,186.99,-0.90929,0,4.4719e+05,2.6735,1,0.04396,0.04396,0.001,0.0005
0.3874,582.5,187.44,-0.92501,0,4.4685e+05,2.6719,1,0.04424,0.04424,0.001,0.0005
0.38836,582.4,187.89,-0.94075,0,4.465e+05,2.6703,1,0.04452,0.04452,0.001,0.0005
0.38932,582.31,188.34,-0.95931,0,4.4617e+05,2.6688,1,0.0448,0.0448,0.001,0.0005
0.39028,582.21,188.79,-0.97826,0,4.4584e+05,2.6672,1,0.04508,0.04508,0.001,0.0005
0.39124,582.12,189.24,-0.99726,0,4.4551e+05,2.6657,1,0.04536,0.04536,0.001,0.0005
0.3922,582.02,189.69,-1.0163,0,4.4518e+05,2.6641,1,0.04564,0.04564,0.001,0.0005
0.39316,581.93,190.14,-1.0356,0,4.4485e+05,2.6626,1,0.04592,0.04592,0.001,0.0005
0.39412,581.84,190.58,-1.0576,0,4.4454e+05,2.6611,1,0.0462,0.0462,0.001,0.0005
0.39507,581.75,191.03,-1.0797,0,4.4423e+05,2.6597,1,0.04648,0.04648,0.001,0.0005
0.39603,581.66,191.48,-1.1018,0,4.4391e+05,2.6582,1,0.04676,0.04676,0.001,0.0005
0.39698,581.57,191.92,-1.1239,0,4.436e+05,2.6568,1,0.04704,0.04704,0.001,0.0005
0.39793,581.49,192.37,-1.147,0,4.433e+05,2.6553,1,0.04732,0.04732,0.001,0.0005
0.39888,581.4,192.81,-1.172,0,4.4301e+05,2.654,1,0.0476,0.0476,0.001,0.0005
0.39983,581.32,193.26,-1.197,0,4.4271e+05,2.6526,1,0.04788,0.04788,0.001,0.0005
0.40078,581.24,193.7,-1.2221,0,4.4242e+05,2.6512,1,0.04816,0.04816,0.001,0.0005
0.40172,581.15,194.15,-1.2473,0,4.4213e+05,2.6499,1,0.04844,0.04844,0.001,0.0005
0.40267,581.07,194.59,-1.274,0,4.4186e+05,2.6486,1,0.04872,0.04872,0.001,0.0005
0.4036,581,195.03,-1.3017,0,4.4159e+05,2.6473,1,0.049,0.049,0.001,0.0005
0.40454,580.92,195.47,-1.3294,0,4.4132e+05,2.6461,1,0.04928,0.04928,0.001,0.0005
0.40548,580.85,195.91,-1.3572,0,4.4105e+05,2.6448,1,0.04956,0.04956,0.001,0.0005
0.40642,580.77,196.35,-1.385,0,4.4078e+05,2.6435,1,0.04984,0.04984,0.001,0.0005
0.40735,580.7,196.79,-1.4149,0,4.4054e+05,2.6424,1,0.05012,0.05012,0.001,0.0005
0.40828,580.63,197.23,-1.445,0,4.4029e+05,2.6412,1,0.0504,0.0504,0.001,0.0005
0.40921,580.56,197.66,-1.4751,0,4.4005e+05,2.6401,1,0.05068,0.05068,0.001,0.0005
0.41014,580.49,198.1,-1.5052,0,4.398e+05,2.6389,1,0.05096,0.05096,0.001,0.0005
0.41107,580.42,198.54,-1.5359,0,4.3957e+05,2.6378,1,0.05124,0.05124,0.001,0.0005
0.412,580.36,198.97,-1.5677,0,4.3935e+05,2.6368,1,0.05152,0.05152,0.001,0.0005
0.41292,580.3,199.41,-1.5995,0,4.3912e+05,2.6357,1,0.0518,0.0518,0.001,0.0005
0.41384,580.23,199.84,-1.6314,0,4.389e+05,2.6347,1,0.05208,0.05208,0.001,0.0005
0.41477,580.17,200.28,-1.6634,0,4.3868e+05,2.6336,1,0.05236,0.05236,0.001,0.0005
0.41569,580.11,200.71,-1.696,0,4.3848e+05,2.6327,1,0.05264,0.05264,0.001,0.0005
0.41661,580.06,201.14,-1.7289,0,4.3827e+05,2.6317,1,0.05292,0.05292,0.001,0.0005
0.41753,580,201.58,-1.7619,0,4.3807e+05,2.6308,1,0.0532,0.0532,0.001,0.0005
0.41845,579.94,202.01,-1.795,0,4.3787e+05,2.6298,1,0.05348,0.05348,0.001,0.0005
0.41937,579.89,202.45,-1.8281,0,4.3768e+05,2.6289,1,0.05376,0.05376,0.001,0.0005
0.42029,579.83,202.88,-1.8612,0,4.375e+05,2.628,1,0.05404,0.05404,0.001,0.0005
0.42121,579.78,203.32,-1.8943,0,4.3731e+05,2.6272,1,0.05432,0.05432,0.001,0.0005
0.42214,579.73,203.75,-1.9275,0,4.3713e+05,2.6263,1,0.0546,0.0546,0.001,0.0005
0.42306,579.68,204.19,-1.9607,0,4.3695e+05,2.6255,1,0.05488,0.05488,0.001,0.0005
0.42399,579.63,204.63,-1.9933,0,4.3678e+05,2.6247,1,0.05516,0.05516,0.001,0.0005
0.42492,579.58,205.07,-2.0257,0,4.3661e+05,2.6239,1,0.05544,0.05544,0.001,0.0005
0.42585,579.53,205.51,-2.0581,0,4.3644e+05,2.6231,1,0.05572,0.05572,0.001,0.0005
0.42678,579.49,205.95,-2.0906,0,4.3627e+05,2.6223,1,0.056,0.056,0.001,0.0005
0.42771,579.44,206.39,-2.1227,0,4.3611e+05,2.6215,1,0.05628,0.05628,0.001,0.0005
0.42865,579.39,206.84,-2.1531,0,4.3595e+05,2.6207,1,0.05656,0.05656,0.001,0.0005
0.4296,579.35,207.29,-2.1836,0,4.3579e+05,2.62,1,0.05684,0.05684,0.001,0.0005
0.43055,579.3,207.73,-2.2142,0,4.3563e+05,2.6192,1,0.05712,0.05712,0.001,0.0005
0.43149,579.26,208.18,-2.2448,0,4.3547e+05,2.6185,1,0.0574,0.0574,0.001,0.0005
0.43245,579.21,208.64,-2.2733,0,4.3531e+05,2.6177,1,0.05768,0.05768,0.001,0.0005
0.43342,579.17,209.1,-2.3011,0,4.3515e+05,2.617,1,0.05796,0.05796,0.001,0.0005
0.43439,579.12,209.56,-2.329,0,4.3499e+05,2.6163,1,0.05824,0.05824,0.001,0.0005
0.43536,579.07,210.01,-2.3569,0,4.3484e+05,2.6155,1,0.05852,0.05852,0.001,0.0005
0.43634,579.03,210.48,-2.3835,0,4.3468e+05,2.6148,1,0.0588,0.0588,0.001,0.0005
0.43734,578.98,210.95,-2.4079,0,4.3452e+05,2.614,1,0.05908,0.05908,0.001,0.0005
0.43834,578.93,211.43,-2.4322,0,4.3436e+05,2.6133,1,0.05936,0.05936,0.001,0.0005
0.43934,578.89,211.9,-2.4566,0,4.342e+05,2.6125,1,0.05964,0.05964,0.001,0.0005
0.44034,578.84,212.37,-2.481,0,4.3404e+05,2.6118,1,0.05992,0.05992,0.001,0.0005
0.44138,578.79,212.86,-2.5015,0,4.3387e+05,2.611,1,0.0602,0.0602,0.001,0.0005
0.44242,578.74,213.35,-2.5221,0,4.337e+05,2.6102,1,0.06048,0.06048,0.001,0.0005
0.44345,578.69,213.85,-2.5426,0,4.3353e+05,2.6094,1,0.06076,0.06076,0.001,0.0005
0.44449,578.64,214.34,-2.5632,0,4.3336e+05,2.6086,1,0.06104,0.06104,0.001,0.0005
0.44556,578.58,214.84,-2.5808,0,4.3318e+05,2.6077,1,0.06132,0.06132,0.001,0.0005
0.44664,578.53,215.35,-2.5972,0,4.33e+05,2.6069,1,0.0616,0.0616,0.001,0.0005
0.44772,578.47,215.86,-2.6136,0,4.3281e+05,2.606,1,0.06188,0.06188,0.001,0.0005
0.44881,578.42,216.37,-2.63,0,4.3263e+05,2.6052,1,0.06216,0.06216,0.001,0.0005
0.44991,578.36,216.9,-2.6447,0,4.3244e+05,2.6043,1,0.06244,0.06244,0.001,0.0005
0.45104,578.3,217.43,-2.6572,0,4.3223e+05,2.6033,1,0.06272,0.06272,0.001,0.0005
0.45217,578.24,217.96,-2.6697,0,4.3203e+05,2.6024,1,0.063,0.063,0.001,0.0005
0.4533,578.18,218.49,-2.6823,0,4.3183e+05,2.6015,1,0.06328,0.06328,0.001,0.0005
0.45444,578.11,219.03,-2.6941,0,4.3162e+05,2.6005,1,0.06356,0.06356,0.001,0.0005
0.45562,578.05,219.59,-2.7029,0,4.314e+05,2.5995,1,0.06384,0.06384,0.001,0.0005
0.4568,577.98,220.15,-2.7117,0,4.3118e+05,2.5984,1,0.06412,0.06412,0.001,0.0005
0.45799,577.91,220.7,-2.7205,0,4.3095e+05,2.5974,1,0.0644,0.0644,0.001,0.0005
0.45917,577.84,221.26,-2.7293,0,4.3073e+05,2.5963,1,0.06468,0.06468,0.001,0.0005
0.4604,577.77,221.84,-2.735,0,4.3048e+05,2.5952,1,0.06496,0.06496,0.001,0.0005
0.46164,577.69,222.42,-2.7407,0,4.3024e+05,2.594,1,0.06524,0.06524,0.001,0.0005
0.46288,577.61,223,-2.7463,0,4.2999e+05,2.5929,1,0.06552,0.06552,0.001,0.0005
0.46412,577.54,223.59,-2.752,0,4.2974e+05,2.5917,1,0.0658,0.0658,0.001,0.0005
0.4654,577.45,224.19,-2.7553,0,4.2947e+05,2.5905,1,0.06608,0.06608,0.001,0.0005
0.46669,577.37,224.79,-2.7582,0,4.292e+05,2.5892,1,0.06636,0.06636,0.001,0.0005
0.46799,577.28,225.4,-2.7611,0,4.2892e+05,2.5879,1,0.06664,0.06664,0.001,0.0005
0.46928,577.2,226.01,-2.764,0,4.2865e+05,2.5867,1,0.06692,0.06692,0.001,0.0005
0.47062,577.11,226.63,-2.7656,0,4.2836e+05,2.5853,1,0.0672,0.0672,0.001,0.0005
0.47197,577.02,227.26,-2.7665,0,4.2806e+05,2.5839,1,0.06748,0.06748,0.001,0.0005
0.47332,576.92,227.9,-2.7674,0,4.2776e+05,2.5825,1,0.06776,0.06776,0.001,0.0005
0.47467,576.83,228.53,-2.7683,0,4.2746e+05,2.5811,1,0.06804,0.06804,0.001,0.0005
0.47605,576.73,229.18,-2.7682,0,4.2714e+05,2.5796,1,0.06832,0.06832,0.001,0.0005
0.47746,576.63,229.83,-2.7674,0,4.2681e+05,2.5781,1,0.0686,0.0686,0.001,0.0005
0.47887,576.53,230.49,-2.7666,0,4.2648e+05,2.5766,1,0.06888,0.06888,0.001,0.0005
0.48028,576.43,231.15,-2.7658,0,4.2616e+05,2.5751,1,0.06916,0.06916,0.001,0.0005
0.48172,576.32,231.82,-2.7644,0,4.2581e+05,2.5735,1,0.06944,0.06944,0.001,0.0005
0.48318,576.21,232.5,-2.7624,0,4.2546e+05,2.5718,1,0.06972,0.06972,0.001,0.0005
0.48465,576.1,233.19,-2.7604,0,4.251e+05,2.5702,1,0.07,0.07,0.001,0.0005
0.48612,575.99,233.87,-2.7585,0,4.2475e+05,2.5685,1,0.07028,0.07028,0.001,0.0005
0.48761,575.88,234.57,-2.7561,0,4.2438e+05,2.5668,1,0.07056,0.07056,0.001,0.0005
0.48914,575.76,235.28,-2.7533,0,4.2399e+05,2.565,1,0.07084,0.07084,0.001,0.0005
0.49066,575.64,235.99,-2.7505,0,4.2361e+05,2.5632,1,0.07112,0.07112,0.001,0.0005
0.49218,575.52,236.69,-2.7477,0,4.2322e+05,2.5614,1,0.0714,0.0714,0.001,0.0005
0.49374,575.4,237.42,-2.7447,0,4.2282e+05,2.5595,1,0.07168,0.07168,0.001,0.0005
0.49532,575.27,238.15,-2.7415,0,4.2241e+05,2.5576,1,0.07196,0.07196,0.001,0.0005
0.4969,575.14,238.89,-2.7383,0,4.22e+05,2.5557,1,0.07224,0.07224,0.001,0.0005
0.49849,575.01,239.62,-2.7351,0,4.2159e+05,2.5537,1,0.07252,0.07252,0.001,0.0005
0.5001,574.88,240.37,-2.7319,0,4.2116e+05,2.5517,1,0.0728,0.0728,0.001,0.0005
0.50174,574.74,241.13,-2.7286,0,4.2072e+05,2.5496,1,0.07308,0.07308,0.001,0.0005
0.50338,574.61,241.89,-2.7253,0,4.2028e+05,2.5476,1,0.07336,0.07336,0.001,0.0005
0.50502,574.47,242.65,-2.7221,0,4.1984e+05,2.5455,1,0.07364,0.07364,0.001,0.0005
0.5067,574.33,243.43,-2.7189,0,4.1938e+05,2.5434,1,0.07392,0.07392,0.001,0.0005
0.5084,574.19,244.21,-2.7159,0,4.1891e+05,2.5412,1,0.0742,0.0742,0.001,0.0005
0.5101,574.04,245,-2.7128,0,4.1844e+05,2.5389,1,0.07448,0.07448,0.001,0.0005
0.51181,573.9,245.79,-2.7098,0,4.1797e+05,2.5367,1,0.07476,0.07476,0.001,0.0005
0.51355,573.75,246.59,-2.7071,0,4.1748e+05,2.5344,1,0.07504,0.07504,0.001,0.0005
0.51531,573.59,247.4,-2.7045,0,4.1699e+05,2.5321,1,0.07532,0.07532,0.001,0.0005
0.51707,573.44,248.22,-2.7018,0,4.1649e+05,2.5298,1,0.0756,0.0756,0.001,0.0005
0.51883,573.29,249.03,-2.6992,0,4.1599e+05,2.5274,1,0.07588,0.07588,0.001,0.0005
0.52065,573.13,249.86,-2.6972,0,4.1547e+05,2.525,1,0.07616,0.07616,0.001,0.0005
0.52247,572.97,250.7,-2.6952,0,4.1495e+05,2.5225,1,0.07644,0.07644,0.001,0.0005
0.52429,572.81,251.54,-2.6932,0,4.1443e+05,2.52,1,0.07672,0.07672,0.001,0.0005
0.52611,572.64,252.38,-2.6913,0,4.139e+05,2.5175,1,0.077,0.077,0.001,0.0005
0.52799,572.48,253.25,-2.6901,0,4.1335e+05,2.5149,1,0.07728,0.07728,0.001,0.0005
0.52987,572.31,254.11,-2.6889,0,4.128e+05,2.5123,1,0.07756,0.07756,0.001,0.0005
0.53175,572.14,254.97,-2.6877,0,4.1225e+05,2.5097,1,0.07784,0.07784,0.001,0.0005
0.53365,571.97,255.85,-2.6867,0,4.1169e+05,2.5071,1,0.07812,0.07812,0.001,0.0005
0.53559,571.79,256.74,-2.6863,0,4.1112e+05,2.5043,1,0.0784,0.0784,0.001,0.0005
0.53753,571.61,257.63,-2.6859,0,4.1054e+05,2.5016,1,0.07868,0.07868,0.001,0.0005
0.53947,571.43,258.52,-2.6855,0,4.0996e+05,2.4989,1,0.07896,0.07896,0.001,0.0005
0.54145,571.25,259.42,-2.6857,0,4.0937e+05,2.4961,1,0.07924,0.07924,0.001,0.0005
0.54345,571.07,260.34,-2.6862,0,4.0877e+05,2.4932,1,0.07952,0.07952,0.001,0.0005
0.54545,570.88,261.26,-2.6867,0,4.0817e+05,2.4904,1,0.0798,0.0798,0.001,0.0005
0.54745,570.69,262.17,-2.6872,0,4.0757e+05,2.4875,1,0.08008,0.08008,0.001,0.0005
0.54951,570.5,263.11,-2.6885,0,4.0695e+05,2.4845,1,0.08036,0.08036,0.001,0.0005
0.55157,570.31,264.05,-2.6899,0,4.0632e+05,2.4816,1,0.08064,0.08064,0.001,0.0005
0.55363,570.11,265,-2.6914,0,4.057e+05,2.4786,1,0.08092,0.08092,0.001,0.0005
0.5557,569.92,265.94,-2.693,0,4.0507e+05,2.4756,1,0.0812,0.0812,0.001,0.0005
0.55782,569.72,266.91,-2.6955,0,4.0442e+05,2.4725,1,0.08148,0.08148,0.001,0.0005
0.55995,569.52,267.88,-2.698,0,4.0377e+05,2.4694,1,0.08176,0.08176,0.001,0.0005
0.56207,569.31,268.85,-2.7006,0,4.0312e+05,2.4663,1,0.08204,0.08204,0.001,0.0005
0.56422,569.11,269.83,-2.7037,0,4.0246e+05,2.4631,1,0.08232,0.08232,0.001,0.0005
0.56641,568.9,270.82,-2.7072,0,4.0179e+05,2.4599,1,0.0826,0.0826,0.001,0.0005
0.56859,568.69,271.82,-2.7108,0,4.0111e+05,2.4567,1,0.08288,0.08288,0.001,0.0005
0.57077,568.48,272.81,-2.7144,0,4.0044e+05,2.4535,1,0.08316,0.08316,0.001,0.0005
0.57301,568.26,273.83,-2.7189,0,3.9975e+05,2.4502,1,0.08344,0.08344,0.001,0.0005
0.57525,568.05,274.85,-2.7235,0,3.9905e+05,2.4469,1,0.08372,0.08372,0.001,0.0005
0.57749,567.83,275.86,-2.7281,0,3.9836e+05,2.4435,1,0.084,0.084,0.001,0.0005
0.57975,567.61,276.89,-2.7329,0,3.9766e+05,2.4402,1,0.08428,0.08428,0.001,0.0005
0.58206,567.38,277.94,-2.7383,0,3.9694e+05,2.4367,1,0.08456,0.08456,0.001,0.0005
0.58436,567.16,278.98,-2.7438,0,3.9622e+05,2.4333,1,0.08484,0.08484,0.001,0.0005
0.58667,566.93,280.03,-2.7492,0,3.955e+05,2.4299,1,0.08512,0.08512,0.001,0.0005
0.58902,566.7,281.09,-2.755,0,3.9477e+05,2.4264,1,0.0854,0.0854,0.001,0.0005
0.59138,566.46,282.16,-2.761,0,3.9403e+05,2.4228,1,0.08568,0.08568,0.001,0.0005
0.59375,566.23,283.23,-2.767,0,3.9329e+05,2.4193,1,0.08596,0.08596,0.001,0.0005
0.59613,565.99,284.31,-2.773,0,3.9255e+05,2.4157,1,0.08624,0.08624,0.001,0.0005
0.59856,565.75,285.4,-2.7793,0,3.9178e+05,2.412,1,0.08652,0.08652,0.001,0.0005
0.60099,565.51,286.5,-2.7855,0,3.9102e+05,2.4084,1,0.0868,0.0868,0.001,0.0005
0.60342,565.26,287.6,-2.7917,0,3.9026e+05,2.4047,1,0.08708,0.08708,0.001,0.0005
0.60589,565.01,288.71,-2.798,0,3.8948e+05,2.401,1,0.08736,0.08736,0.001,0.0005
0.60838,564.76,289.84,-2.8045,0,3.8869e+05,2.3972,1,0.08764,0.08764,0.001,0.0005
0.61088,564.51,290.96,-2.8109,0,3.8791e+05,2.3934,1,0.08792,0.08792,0.001,0.0005
0.61338,564.26,292.09,-2.8173,0,3.8712e+05,2.3896,1,0.0882,0.0882,0.001,0.0005
0.61594,563.99,293.24,-2.8234,0,3.8631e+05,2.3857,1,0.08848,0.08848,0.001,0.0005
0.6185,563.73,294.39,-2.8295,0,3.855e+05,2.3818,1,0.08876,0.08876,0.001,0.0005
0.62106,563.47,295.54,-2.8356,0,3.8469e+05,2.3779,1,0.08904,0.08904,0.001,0.0005
0.62367,563.2,296.71,-2.8413,0,3.8386e+05,2.3739,1,0.08932,0.08932,0.001,0.0005
0.62629,562.93,297.88,-2.8469,0,3.8303e+05,2.3699,1,0.0896,0.0896,0.001,0.0005
0.62892,562.66,299.06,-2.8524,0,3.8219e+05,2.3659,1,0.08988,0.08988,0.001,0.0005
0.63156,562.39,300.25,-2.8579,0,3.8135e+05,2.3618,1,0.09016,0.09016,0.001,0.0005
0.63425,562.11,301.45,-2.8631,0,3.8049e+05,2.3577,1,0.09044,0.09044,0.001,0.0005
0.63695,561.83,302.65,-2.8682,0,3.7964e+05,2.3536,1,0.09072,0.09072,0.001,0.0005
0.63964,561.55,303.86,-2.8734,0,3.7878e+05,2.3494,1,0.091,0.091,0.001,0.0005
0.64239,561.26,305.09,-2.8792,0,3.779e+05,2.3452,1,0.09128,0.09128,0.001,0.0005
0.64515,560.97,306.32,-2.8852,0,3.7702e+05,2.3409,1,0.09156,0.09156,0.001,0.0005
0.6479,560.68,307.55,-2.8911,0,3.7614e+05,2.3367,1,0.09184,0.09184,0.001,0.0005
0.65069,560.38,308.79,-2.8965,0,3.7524e+05,2.3323,1,0.09212,0.09212,0.001,0.0005
0.65352,560.08,310.05,-2.9013,0,3.7434e+05,2.328,1,0.0924,0.0924,0.001,0.0005
0.65634,559.78,311.3,-2.9061,0,3.7343e+05,2.3236,1,0.09268,0.09268,0.001,0.0005
0.65917,559.48,312.56,-2.9102,0,3.7252e+05,2.3192,1,0.09296,0.09296,0.001,0.0005
0.66205,559.17,313.84,-2.9108,0,3.716e+05,2.3147,1,0.09324,0.09324,0.001,0.0005
0.66493,558.86,315.12,-2.9114,0,3.7067e+05,2.3102,1,0.09352,0.09352,0.001,0.0005
0.66781,558.55,316.4,-2.912,0,3.6975e+05,2.3057,1,0.0938,0.0938,0.001,0.0005
0.67074,558.23,317.69,-2.9127,0,3.688e+05,2.3011,1,0.09408,0.09408,0.001,0.0005
0.67367,557.92,318.99,-2.9133,0,3.6786e+05,2.2965,1,0.09436,0.09436,0.001,0.0005
0.6766,557.6,320.28,-2.9139,0,3.6692e+05,2.292,1,0.09464,0.09464,0.001,0.0005
0.67956,557.28,321.59,-2.9174,0,3.6596e+05,2.2873,1,0.09492,0.09492,0.001,0.0005
0.68254,556.95,322.91,-2.9225,0,3.65e+05,2.2827,1,0.0952,0.0952,0.001,0.0005
0.68552,556.63,324.22,-2.9275,0,3.6405e+05,2.278,1,0.09548,0.09548,0.001,0.0005
0.68852,556.3,325.55,-2.9269,0,3.6308e+05,2.2733,1,0.09576,0.09576,0.001,0.0005
0.69154,555.97,326.88,-2.9182,0,3.6211e+05,2.2686,1,0.09604,0.09604,0.001,0.0005
0.69457,555.63,328.22,-2.9095,0,3.6113e+05,2.2638,1,0.09632,0.09632,0.001,0.0005
0.6976,555.3,329.55,-2.8953,0,3.6015e+05,2.259,1,0.0966,0.0966,0.001,0.0005
0.70066,554.96,330.89,-2.8626,0,3.5916e+05,2.2542,1,0.09688,0.09688,0.001,0.0005
0.70371,554.62,332.23,-2.8298,0,3.5817e+05,2.2493,1,0.09716,0.09716,0.001,0.0005
0.70676,554.28,333.57,-2.7975,0,3.5718e+05,2.2445,1,0.09744,0.09744,0.001,0.0005
0.70982,553.93,334.91,-2.7706,0,3.5618e+05,2.2396,1,0.09772,0.09772,0.001,0.0005
0.71289,553.59,336.25,-2.7437,0,3.5518e+05,2.2347,1,0.098,0.098,0.001,0.0005
0.71595,553.24,337.59,-2.7167,0,3.5417e+05,2.2298,1,0.09828,0.09828,0.001,0.0005
0.71905,552.89,338.95,-2.7001,0,3.5316e+05,2.2248,1,0.09856,0.09856,0.001,0.0005
0.72215,552.54,340.3,-2.6838,0,3.5215e+05,2.2199,1,0.09884,0.09884,0.001,0.0005
0.72525,552.19,341.65,-2.6675,0,3.5114e+05,2.2149,1,0.09912,0.09912,0.001,0.0005
0.72849,551.81,343.06,-2.6249,0,3.5008e+05,2.2097,1,0.0994,0.0994,0.001,0.0005
0.73175,551.44,344.48,-2.5791,0,3.4901e+05,2.2044,1,0.09968,0.09968,0.001,0.0005
0.73501,551.07,345.9,-2.5333,0,3.4794e+05,2.1992,1,0.09996,0.09996,0.001,0.0005
0.73805,550.71,347.22,-2.4768,0,3.4693e+05,2.1942,1,0.10024,0.10024,0.001,0.0005
0.74106,550.36,348.52,-2.4185,0,3.4594e+05,2.1893,1,0.10052,0.10052,0.001,0.0005
0.74407,550.01,349.82,-2.3602,0,3.4494e+05,2.1844,1,0.1008,0.1008,0.001,0.0005
0.7471,549.65,351.14,-2.307,0,3.4393e+05,2.1794,1,0.10108,0.10108,0.001,0.0005
0.7502,549.28,352.47,-2.2639,0,3.429e+05,2.1744,1,0.10136,0.10136,0.001,0.0005
0.75329,548.92,353.81,-2.2208,0,3.4187e+05,2.1693,1,0.10164,0.10164,0.001,0.0005
0.75638,548.55,355.14,-2.1776,0,3.4084e+05,2.1642,1,0.10192,0.10192,0.001,0.0005
0.75947,548.18,356.48,-2.1436,0,3.3981e+05,2.1591,1,0.1022,0.1022,0.001,0.0005
0.76257,547.81,357.81,-2.1118,0,3.3879e+05,2.154,1,0.10248,0.10248,0.001,0.0005
0.76566,547.44,359.14,-2.08,0,3.3776e+05,2.149,1,0.10276,0.10276,0.001,0.0005
0.76875,547.07,360.47,-2.0467,0,3.3673e+05,2.1439,1,0.10304,0.10304,0.001,0.0005
0.77184,546.7,361.79,-2.009,0,3.3571e+05,2.1388,1,0.10332,0.10332,0.001,0.0005
0.77492,546.33,363.12,-1.9712,0,3.3469e+05,2.1337,1,0.1036,0.1036,0.001,0.0005
0.778,545.96,364.44,-1.9333,0,3.3366e+05,2.1287,1,0.10388,0.10388,0.001,0.0005
0.78107,545.59,365.75,-1.8957,0,3.3264e+05,2.1236,1,0.10416,0.10416,0.001,0.0005
0.78413,545.22,367.06,-1.8581,0,3.3163e+05,2.1185,1,0.10444,0.10444,0.001,0.0005
0.78718,544.85,368.36,-1.8205,0,3.3061e+05,2.1135,1,0.10472,0.10472,0.001,0.0005
0.79024,544.48,369.67,-1.7839,0,3.296e+05,2.1085,1,0.105,0.105,0.001,0.0005
0.79326,544.11,370.96,-1.7571,0,3.286e+05,2.1035,1,0.10528,0.10528,0.001,0.0005
0.79629,543.74,372.25,-1.7303,0,3.2759e+05,2.0985,1,0.10556,0.10556,0.001,0.0005
0.79932,543.37,373.54,-1.7035,0,3.2659e+05,2.0935,1,0.10584,0.10584,0.001,0.0005
0.80234,543,374.82,-1.6797,0,3.2559e+05,2.0885,1,0.10612,0.10612,0.001,0.0005
0.80535,542.63,376.1,-1.6589,0,3.246e+05,2.0835,1,0.1064,0.1064,0.001,0.0005
0.80836,542.27,377.38,-1.6381,0,3.236e+05,2.0786,1,0.10668,0.10668,0.001,0.0005
0.81137,541.9,378.65,-1.6173,0,3.2261e+05,2.0736,1,0.10696,0.10696,0.001,0.0005
0.81436,541.53,379.92,-1.5931,0,3.2163e+05,2.0687,1,0.10724,0.10724,0.001,0.0005
0.81734,541.16,381.18,-1.5686,0,3.2065e+05,2.0638,1,0.10752,0.10752,0.001,0.0005
0.82032,540.8,382.44,-1.544,0,3.1967e+05,2.0589,1,0.1078,0.1078,0.001,0.0005
0.82328,540.43,383.69,-1.5178,0,3.187e+05,2.054,1,0.10808,0.10808,0.001,0.0005
0.82622,540.07,384.93,-1.488,0,3.1773e+05,2.0492,1,0.10836,0.10836,0.001,0.0005
0.82915,539.7,386.17,-1.4582,0,3.1677e+05,2.0443,1,0.10864,0.10864,0.001,0.0005
0.83208,539.34,387.4,-1.4283,0,3.1581e+05,2.0395,1,0.10892,0.10892,0.001,0.0005
0.83497,538.98,388.62,-1.3976,0,3.1486e+05,2.0347,1,0.1092,0.1092,0.001,0.0005
0.83784,538.62,389.82,-1.3666,0,3.1392e+05,2.03,1,0.10948,0.10948,0.001,0.0005
0.84071,538.26,391.03,-1.3355,0,3.1298e+05,2.0253,1,0.10976,0.10976,0.001,0.0005
0.84357,537.91,392.23,-1.3045,0,3.1204e+05,2.0206,1,0.11004,0.11004,0.001,0.0005
0.84637,537.55,393.4,-1.2746,0,3.1113e+05,2.0159,1,0.11032,0.11032,0.001,0.0005
0.84917,537.2,394.57,-1.2446,0,3.1021e+05,2.0113,1,0.1106,0.1106,0.001,0.0005
0.85197,536.85,395.75,-1.2146,0,3.0929e+05,2.0067,1,0.11088,0.11088,0.001,0.0005
0.85474,536.5,396.9,-1.1845,0,3.0839e+05,2.0021,1,0.11116,0.11116,0.001,0.0005
0.85747,536.16,398.04,-1.1544,0,3.075e+05,1.9976,1,0.11144,0.11144,0.001,0.0005
0.86021,535.81,399.19,-1.1242,0,3.0661e+05,1.9931,1,0.11172,0.11172,0.001,0.0005
0.86295,535.47,400.33,-1.094,0,3.0572e+05,1.9886,1,0.112,0.112,0.001,0.0005
0.86559,535.13,401.43,-1.0595,0,3.0485e+05,1.9842,1,0.11228,0.11228,0.001,0.0005
0.86823,534.79,402.53,-1.0251,0,3.0399e+05,1.9799,1,0.11256,0.11256,0.001,0.0005
0.87087,534.46,403.62,-0.99064,0,3.0313e+05,1.9755,1,0.11284,0.11284,0.001,0.0005
0.87346,534.12,404.7,-0.95501,0,3.0228e+05,1.9712,1,0.11312,0.11312,0.001,0.0005
0.87597,533.8,405.74,-0.91784,0,3.0146e+05,1.967,1,0.1134,0.1134,0.001,0.0005
0.87848,533.48,406.78,-0.88067,0,3.0064e+05,1.9629,1,0.11368,0.11368,0.001,0.0005
0.88099,533.15,407.82,-0.84348,0,2.9982e+05,1.9587,1,0.11396,0.11396,0.001,0.0005
0.88338,532.84,408.8,-0.80989,0,2.9903e+05,1.9547,1,0.11424,0.11424,0.001,0.0005
0.88576,532.53,409.78,-0.77688,0,2.9825e+05,1.9507,1,0.11452,0.11452,0.001,0.0005
0.88813,532.23,410.76,-0.74387,0,2.9748e+05,1.9468,1,0.1148,0.1148,0.001,0.0005
0.89046,531.92,411.73,-0.71265,0,2.9671e+05,1.9429,1,0.11508,0.11508,0.001,0.0005
0.89271,531.63,412.65,-0.6859,0,2.9598e+05,1.9392,1,0.11536,0.11536,0.001,0.0005
0.89495,531.34,413.57,-0.65913,0,2.9525e+05,1.9355,1,0.11564,0.11564,0.001,0.0005
0.8972,531.05,414.5,-0.63237,0,2.9452e+05,1.9317,1,0.11592,0.11592,0.001,0.0005
0.89935,530.77,415.38,-0.60801,0,2.9383e+05,1.9282,1,0.1162,0.1162,0.001,0.0005
0.90147,530.49,416.25,-0.5846,0,2.9314e+05,1.9247,1,0.11648,0.11648,0.001,0.0005
0.90359,530.22,417.12,-0.56119,0,2.9246e+05,1.9212,1,0.11676,0.11676,0.001,0.0005
0.90569,529.94,417.99,-0.53801,0,2.9178e+05,1.9177,1,0.11704,0.11704,0.001,0.0005
0.90768,529.68,418.8,-0.51622,0,2.9113e+05,1.9144,1,0.11732,0.11732,0.001,0.0005
0.90967,529.42,419.62,-0.49443,0,2.9049e+05,1.9111,1,0.1176,0.1176,0.001,0.0005
0.91166,529.16,420.43,-0.47264,0,2.8984e+05,1.9078,1,0.11788,0.11788,0.001,0.0005
0.91359,528.9,421.22,-0.45079,0,2.8921e+05,1.9046,1,0.11816,0.11816,0.001,0.0005
0.91547,528.65,421.99,-0.42889,0,2.886e+05,1.9014,1,0.11844,0.11844,0.001,0.0005
0.91735,528.4,422.75,-0.40699,0,2.8798e+05,1.8983,1,0.11872,0.11872,0.001,0.0005
0.91923,528.15,423.52,-0.38508,0,2.8737e+05,1.8951,1,0.119,0.119,0.001,0.0005
0.92104,527.91,424.26,-0.36166,0,2.8677e+05,1.8921,1,0.11928,0.11928,0.001,0.0005
0.92285,527.67,424.99,-0.33823,0,2.8618e+05,1.889,1,0.11956,0.11956,0.001,0.0005
0.92466,527.42,425.73,-0.31481,0,2.8559e+05,1.886,1,0.11984,0.11984,0.001,0.0005
0.92646,527.18,426.46,-0.29357,0,2.85e+05,1.883,1,0.12012,0.12012,0.001,0.0005
0.92825,526.94,427.18,-0.27523,0,2.8442e+05,1.88,1,0.1204,0.1204,0.001,0.0005
0.93003,526.7,427.9,-0.25689,0,2.8384e+05,1.877,1,0.12068,0.12068,0.001,0.0005
0.93181,526.46,428.63,-0.23855,0,2.8326e+05,1.874,1,0.12096,0.12096,0.001,0.0005
0.93361,526.22,429.36,-0.2261,0,2.8268e+05,1.871,1,0.12124,0.12124,0.001,0.0005
0.93541,525.98,430.09,-0.21468,0,2.821e+05,1.8681,1,0.12152,0.12152,0.001,0.0005
0.93721,525.74,430.82,-0.20327,0,2.8152e+05,1.8651,1,0.1218,0.1218,0.001,0.0005
0.93902,525.5,431.55,-0.19169,0,2.8094e+05,1.8621,1,0.12208,0.12208,0.001,0.0005
0.94086,525.26,432.29,-0.17968,0,2.8036e+05,1.8591,1,0.12236,0.12236,0.001,0.0005
0.94269,525.01,433.03,-0.16767,0,2.7977e+05,1.8561,1,0.12264,0.12264,0.001,0.0005
0.94452,524.77,433.77,-0.15566,0,2.7918e+05,1.853,1,0.12292,0.12292,0.001,0.0005
0.94636,524.52,434.51,-0.1424,0,2.7859e+05,1.85,1,0.1232,0.1232,0.001,0.0005
0.9482,524.26,435.26,-0.12853,0,2.7799e+05,1.8469,1,0.12348,0.12348,0.001,0.0005
0.95005,524.01,436,-0.11465,0,2.7739e+05,1.8438,1,0.12376,0.12376,0.001,0.0005
0.95189,523.76,436.74,-0.10048,0,2.7679e+05,1.8407,1,0.12404,0.12404,0.001,0.0005
0.95373,523.5,437.47,-0.082578,0,2.7618e+05,1.8375,1,0.12432,0.12432,0.001,0.0005
0.95557,523.24,438.21,-0.064681,0,2.7557e+05,1.8344,1,0.1246,0.1246,0.001,0.0005
0.95741,522.99,438.95,-0.046785,0,2.7497e+05,1.8313,1,0.12488,0.12488,0.001,0.0005
0.95924,522.73,439.68,-0.028196,0,2.7437e+05,1.8282,1,0.12516,0.12516,0.001,0.0005
0.96105,522.48,440.4,-0.0088658,0,2.7378e+05,1.8251,1,0.12544,0.12544,0.001,0.0005
0.96287,522.23,441.13,0.010463,0,2.7318e+05,1.822,1,0.12572,0.12572,0.001,0.0005
0.96468,521.97,441.85,0.029792,0,2.7259e+05,1.819,1,0.126,0.126,0.001,0.0005
0.96644,521.73,442.56,0.043242,0,2.7202e+05,1.816,1,0.12628,0.12628,0.001,0.0005
0.9682,521.49,443.26,0.056023,0,2.7146e+05,1.8131,1,0.12656,0.12656,0.001,0.0005
0.96995,521.24,443.96,0.068803,0,2.7089e+05,1.8102,1,0.12684,0.12684,0.001,0.0005
0.97167,521.01,444.64,0.080354,0,2.7034e+05,1.8073,1,0.12712,0.12712,0.001,0.0005
0.97331,520.78,445.3,0.089336,0,2.6982e+05,1.8046,1,0.1274,0.1274,0.001,0.0005
0.97496,520.55,445.95,0.09832,0,2.693e+05,1.8019,1,0.12768,0.12768,0.001,0.0005
0.9766,520.33,446.61,0.1073,0,2.6877e+05,1.7992,1,0.12796,0.12796,0.001,0.0005
0.97812,520.12,447.21,0.11566,0,2.6829e+05,1.7967,1,0.12824,0.12824,0.001,0.0005
0.97961,519.91,447.8,0.12383,0,2.6782e+05,1.7942,1,0.12852,0.12852,0.001,0.0005
0.98109,519.71,448.39,0.13199,0,2.6735e+05,1.7917,1,0.1288,0.1288,0.001,0.0005
0.98252,519.51,448.96,0.13981,0,2.6689e+05,1.7894,1,0.12908,0.12908,0.001,0.0005
0.98377,519.33,449.46,0.14645,0,2.6649e+05,1.7873,1,0.12936,0.12936,0.001,0.0005
0.98502,519.16,449.95,0.15309,0,2.6609e+05,1.7852,1,0.12964,0.12964,0.001,0.0005
0.98628,518.98,450.45,0.15973,0,2.6569e+05,1.7831,1,0.12992,0.12992,0.001,0.0005
0.98743,518.82,450.9,0.1655,0,2.6531e+05,1.7812,1,0.1302,0.1302,0.001,0.0005
0.98855,518.66,451.34,0.17093,0,2.6495e+05,1.7793,1,0.13048,0.13048,0.001,0.0005
0.98966,518.5,451.78,0.17637,0,2.6458e+05,1.7774,1,0.13076,0.13076,0.001,0.0005
0.99057,518.36,452.14,0.18032,0,2.6428e+05,1.7758,1,0.13104,0.13104,0.001,0.0005
0.99139,518.24,452.46,0.18355,0,2.64e+05,1.7744,1,0.13132,0.13132,0.001,0.0005
0.9922,518.12,452.78,0.18678,0,2.6373e+05,1.7729,1,0.1316,0.1316,0.001,0.0005
0.9929,518.01,453.05,0.18987,0,2.6349e+05,1.7717,1,0.13188,0.13188,0.001,0.0005
0.99353,517.92,453.3,0.19286,0,2.6328e+05,1.7706,1,0.13216,0.13216,0.001,0.0005
0.99415,517.83,453.54,0.19585,0,2.6307e+05,1.7695,1,0.13244,0.13244,0.001,0.0005
0.99477,517.73,453.78,0.20024,0,2.6287e+05,1.7684,1,0.13272,0.13272,0.001,0.0005
0.99538,517.65,454.02,0.20593,0,2.6267e+05,1.7674,1,0.133,0.133,0.001,0.0005
0.99598,517.56,454.26,0.21162,0,2.6247e+05,1.7664,1,0.13328,0.13328,0.001,0.0005
0.99667,517.46,454.53,0.22012,0,2.6225e+05,1.7652,1,0.13356,0.13356,0.001,0.0005
0.99748,517.34,454.85,0.23288,0,2.6199e+05,1.7639,1,0.13384,0.13384,0.001,0.0005
0.9983,517.23,455.17,0.24564,0,2.6173e+05,1.7625,1,0.13412,0.13412,0.001,0.0005
0.99923,517.1,455.53,0.26241,0,2.6144e+05,1.761,1,0.1344,0.1344,0.001,0.0005
1.0005,516.92,456.04,0.29127,0,2.6104e+05,1.7589,1,0.13468,0.13468,0.001,0.0005
1.0018,516.74,456.55,0.32011,0,2.6063e+05,1.7568,1,0.13496,0.13496,0.001,0.0005
1.0032,516.55,457.08,0.35084,0,2.6021e+05,1.7546,1,0.13524,0.13524,0.001,0.0005
1.0052,516.27,457.88,0.40497,0,2.5957e+05,1.7512,1,0.13552,0.13552,0.001,0.0005
1.0072,515.98,458.68,0.45906,0,2.5892e+05,1.7478,1,0.1358,0.1358,0.001,0.0005
1.0093,515.69,459.49,0.51312,0,2.5828e+05,1.7445,1,0.13608,0.13608,0.001,0.0005
1.0121,515.3,460.58,0.59025,0,2.574e+05,1.7398,1,0.13636,0.13636,0.001,0.0005
1.015,514.89,461.72,0.6706,0,2.5648e+05,1.735,1,0.13664,0.13664,0.001,0.0005
1.0179,514.48,462.86,0.75091,0,2.5556e+05,1.7302,1,0.13692,0.13692,0.001,0.0005
1.0213,513.99,464.2,0.84399,0,2.5448e+05,1.7245,1,0.1372,0.1372,0.001,0.0005
1.025,513.46,465.64,0.94388,0,2.5331e+05,1.7183,1,0.13748,0.13748,0.001,0.0005
1.0287,512.93,467.09,1.0437,0,2.5214e+05,1.7122,1,0.13776,0.13776,0.001,0.0005
1.0327,512.37,468.63,1.1483,0,2.509e+05,1.7056,1,0.13804,0.13804,0.001,0.0005
1.0371,511.74,470.32,1.2601,0,2.4953e+05,1.6983,1,0.13832,0.13832,0.001,0.0005
1.0414,511.12,472.01,1.3717,0,2.4817e+05,1.6911,1,0.1386,0.1386,0.001,0.0005
1.0458,510.48,473.72,1.4844,0,2.4678e+05,1.6838,1,0.13888,0.13888,0.001,0.0005
1.0507,509.79,475.59,1.6041,0,2.4528e+05,1.6758,1,0.13916,0.13916,0.001,0.0005
1.0556,509.09,477.47,1.7236,0,2.4378e+05,1.6678,1,0.13944,0.13944,0.001,0.0005
1.0604,508.39,479.34,1.8431,0,2.4227e+05,1.6598,1,0.13972,0.13972,0.001,0.0005
1.0656,507.65,481.33,1.9658,0,2.4069e+05,1.6514,1,0.14,0.14,0.001,0.0005
1.0709,506.89,483.34,2.0891,0,2.3909e+05,1.6428,1,0.14028,0.14028,0.001,0.0005
1.0761,506.14,485.35,2.2122,0,2.3749e+05,1.6343,1,0.14056,0.14056,0.001,0.0005
1.0816,505.36,487.42,2.3365,0,2.3586e+05,1.6255,1,0.14084,0.14084,0.001,0.0005
1.0871,504.56,489.54,2.4619,0,2.3419e+05,1.6166,1,0.14112,0.14112,0.001,0.0005
1.0927,503.76,491.66,2.5871,0,2.3252e+05,1.6076,1,0.1414,0.1414,0.001,0.0005
1.0983,502.95,493.79,2.7141,0,2.3085e+05,1.5986,1,0.14168,0.14168,0.001,0.0005
1.1041,502.11,495.99,2.8503,0,2.2913e+05,1.5893,1,0.14196,0.14196,0.001,0.0005
1.11,501.27,498.19,2.9863,0,2.2741e+05,1.5801,1,0.14224,0.14224,0.001,0.0005
1.1158,500.43,500.39,3.1221,0,2.2569e+05,1.5708,1,0.14252,0.14252,0.001,0.0005
1.1218,499.56,502.63,3.2606,0,2.2394e+05,1.5613,1,0.1428,0.1428,0.001,0.0005
1.1278,498.69,504.87,3.3995,0,2.2218e+05,1.5517,1,0.14308,0.14308,0.001,0.0005
1.1338,497.81,507.12,3.5383,0,2.2042e+05,1.5422,1,0.14336,0.14336,0.001,0.0005
1.1399,496.92,509.39,3.6706,0,2.1866e+05,1.5326,1,0.14364,0.14364,0.001,0.0005
1.1461,496.01,511.68,3.7948,0,2.1687e+05,1.5228,1,0.14392,0.14392,0.001,0.0005
1.1523,495.1,513.97,3.9188,0,2.1509e+05,1.5131,1,0.1442,0.1442,0.001,0.0005
1.1585,494.19,516.27,4.0442,0,2.1331e+05,1.5033,1,0.14448,0.14448,0.001,0.0005
1.1648,493.26,518.59,4.2052,0,2.1151e+05,1.4934,1,0.14476,0.14476,0.001,0.0005
1.1712,492.32,520.92,4.3659,0,2.097e+05,1.4835,1,0.14504,0.14504,0.001,0.0005
1.1775,491.38,523.25,4.5264,0,2.079e+05,1.4736,1,0.14532,0.14532,0.001,0.0005
1.1839,490.43,525.57,4.6921,0,2.061e+05,1.4637,1,0.1456,0.1456,0.001,0.0005
1.1903,489.47,527.89,4.8607,0,2.0431e+05,1.4537,1,0.14588,0.14588,0.001,0.0005
1.1967,488.52,530.21,5.0291,0,2.0252e+05,1.4438,1,0.14616,0.14616,0.001,0.0005
1.2031,487.57,532.52,5.1736,0,2.0073e+05,1.4339,1,0.14644,0.14644,0.001,0.0005
1.2094,486.62,534.8,5.2166,0,1.9901e+05,1.4243,1,0.14672,0.14672,0.001,0.0005
1.2157,485.68,537.08,5.2595,0,1.9728e+05,1.4147,1,0.147,0.147,0.001,0.0005
1.2221,484.74,539.37,5.3024,0,1.9555e+05,1.4051,1,0.14728,0.14728,0.001,0.0005
1.2282,483.83,541.55,5.343,0,1.9392e+05,1.3959,1,0.14756,0.14756,0.001,0.0005
1.2342,482.94,543.69,5.3827,0,1.9231e+05,1.3869,1,0.14784,0.14784,0.001,0.0005
1.2402,482.05,545.84,5.4225,0,1.907e+05,1.3779,1,0.14812,0.14812,0.001,0.0005
1.246,481.18,547.9,5.4554,0,1.8916e+05,1.3692,1,0.1484,0.1484,0.001,0.0005
1.2512,480.38,549.75,5.4699,0,1.8776e+05,1.3613,1,0.14868,0.14868,0.001,0.0005
1.2565,479.59,551.59,5.4844,0,1.8636e+05,1.3534,1,0.14896,0.14896,0.001,0.0005
1.2617,478.79,553.44,5.499,0,1.8496e+05,1.3455,1,0.14924,0.14924,0.001,0.0005
1.2663,478.1,555.06,5.3478,0,1.8376e+05,1.3387,1,0.14952,0.14952,0.001,0.0005
1.2708,477.43,556.62,5.152,0,1.826e+05,1.3321,1,0.1498,0.1498,0.001,0.0005
1.2752,476.76,558.18,4.9565,0,1.8145e+05,1.3256,1,0.15008,0.15008,0.001,0.0005
1.2794,476.12,559.66,4.7641,0,1.8036e+05,1.3194,1,0.15036,0.15036,0.001,0.0005
1.283,475.57,560.91,4.5788,0,1.7941e+05,1.314,1,0.15064,0.15064,0.001,0.0005
1.2867,475.01,562.17,4.3938,0,1.7847e+05,1.3086,1,0.15092,0.15092,0.001,0.0005
1.2903,474.45,563.43,4.2091,0,1.7752e+05,1.3032,1,0.1512,0.1512,0.001,0.0005
1.2932,474,564.42,4.0268,0,1.7676e+05,1.2988,1,0.15148,0.15148,0.001,0.0005
1.2959,473.58,565.35,3.8455,0,1.7605e+05,1.2948,1,0.15176,0.15176,0.001,0.0005
1.2986,473.15,566.27,3.6645,0,1.7534e+05,1.2907,1,0.15204,0.15204,0.001,0.0005
1.3011,472.76,567.13,3.4808,0,1.7467e+05,1.2869,1,0.15232,0.15232,0.001,0.0005
1.303,472.45,567.79,3.2873,0,1.7417e+05,1.284,1,0.1526,0.1526,0.001,0.0005
1.3049,472.15,568.45,3.0943,0,1.7366e+05,1.2811,1,0.15288,0.15288,0.001,0.0005
1.3069,471.84,569.11,2.9018,0,1.7315e+05,1.2781,1,0.15316,0.15316,0.001,0.0005
1.3085,471.6,569.65,2.7241,0,1.7274e+05,1.2758,1,0.15344,0.15344,0.001,0.0005
1.3099,471.38,570.13,2.5536,0,1.7238e+05,1.2737,1,0.15372,0.15372,0.001,0.0005
1.3113,471.16,570.62,2.3835,0,1.7201e+05,1.2716,1,0.154,0.154,0.001,0.0005
1.3126,470.95,571.08,2.211,0,1.7167e+05,1.2696,1,0.15428,0.15428,0.001,0.0005
1.3136,470.82,571.41,2.0143,0,1.7145e+05,1.2684,1,0.15456,0.15456,0.001,0.0005
1.3145,470.69,571.74,1.8177,0,1.7124e+05,1.2672,1,0.15484,0.15484,0.001,0.0005
1.3154,470.56,572.06,1.6211,0,1.7103e+05,1.2659,1,0.15512,0.15512,0.001,0.0005
1.3162,470.45,572.34,1.4851,0,1.7084e+05,1.2649,1,0.1554,0.1554,0.001,0.0005
1.3169,470.36,572.56,1.409,0,1.7069e+05,1.264,1,0.15568,0.15568,0.001,0.0005
1.3175,470.26,572.79,1.3328,0,1.7054e+05,1.2631,1,0.15596,0.15596,0.001,0.0005
1.3182,470.17,573.01,1.2566,0,1.7038e+05,1.2622,1,0.15624,0.15624,0.001,0.0005
1.3188,470.08,573.24,1.2528,0,1.7023e+05,1.2613,1,0.15652,0.15652,0.001,0.0005
1.3195,469.98,573.46,1.2587,0,1.7007e+05,1.2604,1,0.1568,0.1568,0.001,0.0005
1.3201,469.88,573.68,1.2645,0,1.6991e+05,1.2595,1,0.15708,0.15708,0.001,0.0005
1.3208,469.78,573.9,1.2703,0,1.6974e+05,1.2585,1,0.15736,0.15736,0.001,0.0005
1.3214,469.68,574.14,1.2765,0,1.6957e+05,1.2575,1,0.15764,0.15764,0.001,0.0005
1.3221,469.57,574.37,1.2826,0,1.6939e+05,1.2565,1,0.15792,0.15792,0.001,0.0005
1.3228,469.46,574.61,1.2886,0,1.6921e+05,1.2554,1,0.1582,0.1582,0.001,0.0005
1.3236,469.34,574.87,1.2963,0,1.6902e+05,1.2543,1,0.15848,0.15848,0.001,0.0005
1.3244,469.21,575.15,1.3051,0,1.688e+05,1.2531,1,0.15876,0.15876,0.001,0.0005
1.3253,469.08,575.43,1.3138,0,1.6859e+05,1.2518,1,0.15904,0.15904,0.001,0.0005
1.3261,468.95,575.72,1.3225,0,1.6838e+05,1.2506,1,0.15932,0.15932,0.001,0.0005
1.3271,468.8,576.06,1.3484,0,1.6813e+05,1.2492,1,0.1596,0.1596,0.001,0.0005
1.3281,468.64,576.4,1.3764,0,1.6788e+05,1.2477,1,0.15988,0.15988,0.001,0.0005
1.3291,468.49,576.75,1.4042,0,1.6763e+05,1.2462,1,0.16016,0.16016,0.001,0.0005
1.3302,468.33,577.11,1.4364,0,1.6736e+05,1.2447,1,0.16044,0.16044,0.001,0.0005
1.3314,468.15,577.51,1.4874,0,1.6707e+05,1.243,1,0.16072,0.16072,0.001,0.0005
1.3326,467.97,577.92,1.5383,0,1.6678e+05,1.2414,1,0.161,0.161,0.001,0.0005
1.3338,467.79,578.33,1.589,0,1.6649e+05,1.2397,1,0.16128,0.16128,0.001,0.0005
1.335,467.6,578.75,1.6485,0,1.6619e+05,1.2379,1,0.16156,0.16156,0.001,0.0005
1.3364,467.4,579.2,1.7181,0,1.6587e+05,1.2361,1,0.16184,0.16184,0.001,0.0005
1.3377,467.2,579.66,1.7875,0,1.6555e+05,1.2342,1,0.16212,0.16212,0.001,0.0005
1.339,467,580.11,1.8568,0,1.6523e+05,1.2323,1,0.1624,0.1624,0.001,0.0005
1.3404,466.79,580.58,1.9233,0,1.6489e+05,1.2304,1,0.16268,0.16268,0.001,0.0005
1.3418,466.57,581.07,1.9888,0,1.6455e+05,1.2284,1,0.16296,0.16296,0.001,0.0005
1.3433,466.36,581.56,2.054,0,1.642e+05,1.2264,1,0.16324,0.16324,0.001,0.0005
1.3447,466.14,582.05,2.1191,0,1.6386e+05,1.2244,1,0.16352,0.16352,0.001,0.0005
1.3463,465.91,582.58,2.1659,0,1.6348e+05,1.2222,1,0.1638,0.1638,0.001,0.0005
1.3479,465.67,583.11,2.2114,0,1.6311e+05,1.22,1,0.16408,0.16408,0.001,0.0005
1.3495,465.43,583.65,2.2568,0,1.6273e+05,1.2178,1,0.16436,0.16436,0.001,0.0005
1.3511,465.19,584.19,2.301,0,1.6236e+05,1.2156,1,0.16464,0.16464,0.001,0.0005
1.3528,464.94,584.77,2.3382,0,1.6195e+05,1.2133,1,0.16492,0.16492,0.001,0.0005
1.3545,464.68,585.36,2.3753,0,1.6155e+05,1.2109,1,0.1652,0.1652,0.001,0.0005
1.3562,464.42,585.94,2.4124,0,1.6115e+05,1.2085,1,0.16548,0.16548,0.001,0.0005
1.358,464.16,586.53,2.4517,0,1.6073e+05,1.2061,1,0.16576,0.16576,0.001,0.0005
1.3598,463.89,587.15,2.4955,0,1.6031e+05,1.2036,1,0.16604,0.16604,0.001,0.0005
1.3617,463.61,587.77,2.5392,0,1.5988e+05,1.2011,1,0.16632,0.16632,0.001,0.0005
1.3635,463.34,588.38,2.5829,0,1.5945e+05,1.1986,1,0.1666,0.1666,0.001,0.0005
1.3654,463.05,589.01,2.6311,0,1.5901e+05,1.1961,1,0.16688,0.16688,0.001,0.0005
1.3673,462.76,589.65,2.6838,0,1.5856e+05,1.1934,1,0.16716,0.16716,0.001,0.0005
1.3692,462.47,590.29,2.7364,0,1.5811e+05,1.1908,1,0.16744,0.16744,0.001,0.0005
1.3711,462.18,590.93,2.789,0,1.5766e+05,1.1882,1,0.16772,0.16772,0.001,0.0005
1.373,461.88,591.58,2.8457,0,1.572e+05,1.1855,1,0.168,0.168,0.001,0.0005
1.375,461.58,592.24,2.9047,0,1.5674e+05,1.1827,1,0.16828,0.16828,0.001,0.0005
1.377,461.28,592.9,2.9637,0,1.5627e+05,1.18,1,0.16856,0.16856,0.001,0.0005
1.379,460.97,593.56,3.0225,0,1.558e+05,1.1772,1,0.16884,0.16884,0.001,0.0005
1.3811,460.65,594.24,3.0815,0,1.5532e+05,1.1744,1,0.16912,0.16912,0.001,0.0005
1.3832,460.34,594.93,3.1405,0,1.5484e+05,1.1716,1,0.1694,0.1694,0.001,0.0005
1.3852,460.02,595.63,3.1994,0,1.5435e+05,1.1687,1,0.16968,0.16968,0.001,0.0005
1.3873,459.7,596.32,3.2582,0,1.5387e+05,1.1659,1,0.16996,0.16996,0.001,0.0005
1.3895,459.36,597.05,3.3152,0,1.5337e+05,1.1629,1,0.17024,0.17024,0.001,0.0005
1.3918,459.03,597.79,3.3719,0,1.5287e+05,1.1599,1,0.17052,0.17052,0.001,0.0005
1.394,458.69,598.53,3.4285,0,1.5236e+05,1.1569,1,0.1708,0.1708,0.001,0.0005
1.3962,458.36,599.27,3.485,0,1.5186e+05,1.154,1,0.17108,0.17108,0.001,0.0005
1.3986,458,600.06,3.5511,0,1.5133e+05,1.1508,1,0.17136,0.17136,0.001,0.0005
1.401,457.65,600.86,3.618,0,1.508e+05,1.1477,1,0.17164,0.17164,0.001,0.0005
1.4034,457.29,601.65,3.6848,0,1.5027e+05,1.1446,1,0.17192,0.17192,0.001,0.0005
1.4058,456.93,602.45,3.7514,0,1.4974e+05,1.1414,1,0.1722,0.1722,0.001,0.0005
1.4084,456.56,603.29,3.8357,0,1.4919e+05,1.1381,1,0.17248,0.17248,0.001,0.0005
1.4109,456.18,604.13,3.9204,0,1.4863e+05,1.1348,1,0.17276,0.17276,0.001,0.0005
1.4135,455.8,604.97,4.0049,0,1.4808e+05,1.1315,1,0.17304,0.17304,0.001,0.0005
1.416,455.42,605.81,4.0893,0,1.4752e+05,1.1282,1,0.17332,0.17332,0.001,0.0005
1.4187,455.02,606.68,4.1783,0,1.4694e+05,1.1248,1,0.1736,0.1736,0.001,0.0005
1.4214,454.62,607.55,4.2671,0,1.4636e+05,1.1213,1,0.17388,0.17388,0.001,0.0005
1.424,454.22,608.43,4.3558,0,1.4578e+05,1.1179,1,0.17416,0.17416,0.001,0.0005
1.4267,453.82,609.3,4.4443,0,1.452e+05,1.1144,1,0.17444,0.17444,0.001,0.0005
1.4295,453.4,610.2,4.5272,0,1.4459e+05,1.1108,1,0.17472,0.17472,0.001,0.0005
1.4323,452.97,611.1,4.61,0,1.4399e+05,1.1072,1,0.175,0.175,0.001,0.0005
1.4351,452.55,612,4.6927,0,1.4339e+05,1.1035,1,0.17528,0.17528,0.001,0.0005
1.4378,452.13,612.9,4.7753,0,1.4278e+05,1.0999,1,0.17556,0.17556,0.001,0.0005
1.4407,451.69,613.83,4.8543,0,1.4216e+05,1.0962,1,0.17584,0.17584,0.001,0.0005
1.4436,451.25,614.76,4.9331,0,1.4154e+05,1.0924,1,0.17612,0.17612,0.001,0.0005
1.4465,450.81,615.69,5.0119,0,1.4091e+05,1.0887,1,0.1764,0.1764,0.001,0.0005
1.4494,450.37,616.62,5.0906,0,1.4029e+05,1.085,1,0.17668,0.17668,0.001,0.0005
1.4524,449.91,617.57,5.1609,0,1.3966e+05,1.0812,1,0.17696,0.17696,0.001,0.0005
1.4554,449.46,618.53,5.2307,0,1.3903e+05,1.0774,1,0.17724,0.17724,0.001,0.0005
1.4583,449.01,619.48,5.3005,0,1.384e+05,1.0735,1,0.17752,0.17752,0.001,0.0005
1.4613,448.55,620.44,5.3701,0,1.3776e+05,1.0697,1,0.1778,0.1778,0.001,0.0005
1.4644,448.09,621.41,5.4343,0,1.3713e+05,1.0659,1,0.17808,0.17808,0.001,0.0005
1.4674,447.63,622.38,5.4975,0,1.365e+05,1.0621,1,0.17836,0.17836,0.001,0.0005
1.4705,447.17,623.36,5.5608,0,1.3587e+05,1.0583,1,0.17864,0.17864,0.001,0.0005
1.4735,446.71,624.33,5.624,0,1.3524e+05,1.0544,1,0.17892,0.17892,0.001,0.0005
1.4766,446.25,625.31,5.692,0,1.3461e+05,1.0506,1,0.1792,0.1792,0.001,0.0005
1.4797,445.78,626.28,5.7613,0,1.3398e+05,1.0468,1,0.17948,0.17948,0.001,0.0005
1.4827,445.32,627.26,5.8305,0,1.3335e+05,1.043,1,0.17976,0.17976,0.001,0.0005
1.4858,444.86,628.23,5.8997,0,1.3273e+05,1.0392,1,0.18004,0.18004,0.001,0.0005
1.4889,444.4,629.19,5.9568,0,1.3211e+05,1.0354,1,0.18032,0.18032,0.001,0.0005
1.4919,443.94,630.14,6.0081,0,1.315e+05,1.0317,1,0.1806,0.1806,0.001,0.0005
1.4949,443.48,631.09,6.0594,0,1.3089e+05,1.028,1,0.18088,0.18088,0.001,0.0005
1.4979,443.02,632.03,6.1106,0,1.3028e+05,1.0243,1,0.18116,0.18116,0.001,0.0005
1.5009,442.57,632.97,6.142,0,1.2968e+05,1.0206,1,0.18144,0.18144,0.001,0.0005
1.5039,442.11,633.9,6.156,0,1.2909e+05,1.0169,1,0.18172,0.18172,0.001,0.0005
1.5069,441.66,634.83,6.1701,0,1.2849e+05,1.0133,1,0.182,0.182,0.001,0.0005
1.5098,441.21,635.76,6.1842,0,1.279e+05,1.0097,1,0.18228,0.18228,0.001,0.0005
1.5128,440.76,636.68,6.196,0,1.2731e+05,1.0061,1,0.18256,0.18256,0.001,0.0005
1.5158,440.31,637.6,6.204,0,1.2673e+05,1.0025,1,0.18284,0.18284,0.001,0.0005
1.5187,439.86,638.52,6.212,0,1.2616e+05,0.99894,1,0.18312,0.18312,0.001,0.0005
1.5217,439.41,639.44,6.2201,0,1.2558e+05,0.99538,1,0.1834,0.1834,0.001,0.0005
1.5246,438.97,640.35,6.229,0,1.25e+05,0.99184,1,0.18368,0.18368,0.001,0.0005
1.5275,438.53,641.24,6.242,0,1.2444e+05,0.98837,1,0.18396,0.18396,0.001,0.0005
1.5304,438.09,642.13,6.255,0,1.2388e+05,0.98491,1,0.18424,0.18424,0.001,0.0005
1.5333,437.65,643.03,6.268,0,1.2332e+05,0.98145,1,0.18452,0.18452,0.001,0.0005
1.5362,437.21,643.92,6.281,0,1.2276e+05,0.97799,1,0.1848,0.1848,0.001,0.0005
1.539,436.78,644.78,6.281,0,1.2223e+05,0.97465,1,0.18508,0.18508,0.001,0.0005
1.5418,436.35,645.64,6.2807,0,1.2169e+05,0.97132,1,0.18536,0.18536,0.001,0.0005
1.5446,435.92,646.5,6.2805,0,1.2115e+05,0.96799,1,0.18564,0.18564,0.001,0.0005
1.5474,435.49,647.36,6.2802,0,1.2061e+05,0.96465,1,0.18592,0.18592,0.001,0.0005
1.5502,435.07,648.2,6.2825,0,1.2009e+05,0.96139,1,0.1862,0.1862,0.001,0.0005
1.553,434.65,649.04,6.2856,0,1.1957e+05,0.95815,1,0.18648,0.18648,0.001,0.0005
1.5557,434.23,649.89,6.2887,0,1.1905e+05,0.95491,1,0.18676,0.18676,0.001,0.0005
1.5585,433.81,650.73,6.2918,0,1.1853e+05,0.95167,1,0.18704,0.18704,0.001,0.0005
1.5612,433.4,651.55,6.3,0,1.1802e+05,0.94848,1,0.18732,0.18732,0.001,0.0005
1.5639,432.98,652.37,6.3136,0,1.1752e+05,0.94534,1,0.1876,0.1876,0.001,0.0005
1.5666,432.57,653.18,6.3272,0,1.1702e+05,0.9422,1,0.18788,0.18788,0.001,0.0005
1.5693,432.16,653.99,6.3408,0,1.1652e+05,0.93906,1,0.18816,0.18816,0.001,0.0005
1.572,431.75,654.8,6.3512,0,1.1602e+05,0.93594,1,0.18844,0.18844,0.001,0.0005
1.5746,431.35,655.59,6.3479,0,1.1554e+05,0.93292,1,0.18872,0.18872,0.001,0.0005
1.5772,430.95,656.37,6.3447,0,1.1506e+05,0.92989,1,0.189,0.189,0.001,0.0005
1.5799,430.55,657.16,6.3415,0,1.1457e+05,0.92687,1,0.18928,0.18928,0.001,0.0005
1.5825,430.15,657.94,6.3382,0,1.1409e+05,0.92384,1,0.18956,0.18956,0.001,0.0005
1.5851,429.75,658.72,6.331,0,1.1362e+05,0.92088,1,0.18984,0.18984,0.001,0.0005
1.5877,429.36,659.5,6.3233,0,1.1316e+05,0.91793,1,0.19012,0.19012,0.001,0.0005
1.5903,428.96,660.28,6.3156,0,1.1269e+05,0.91498,1,0.1904,0.1904,0.001,0.0005
1.5929,428.57,661.06,6.3079,0,1.1222e+05,0.91203,1,0.19068,0.19068,0.001,0.0005
1.5955,428.17,661.83,6.3129,0,1.1176e+05,0.90911,1,0.19096,0.19096,0.001,0.0005
1.5981,427.78,662.61,6.3283,0,1.113e+05,0.90621,1,0.19124,0.19124,0.001,0.0005
1.6007,427.39,663.38,6.3438,0,1.1084e+05,0.90331,1,0.19152,0.19152,0.001,0.0005
1.6033,427,664.15,6.3592,0,1.1039e+05,0.90041,1,0.1918,0.1918,0.001,0.0005
1.6059,426.61,664.92,6.375,0,1.0993e+05,0.89753,1,0.19208,0.19208,0.001,0.0005
1.6084,426.23,665.67,6.3928,0,1.0949e+05,0.89473,1,0.19236,0.19236,0.001,0.0005
1.6109,425.84,666.41,6.4106,0,1.0905e+05,0.89192,1,0.19264,0.19264,0.001,0.0005
1.6135,425.46,667.16,6.4283,0,1.0861e+05,0.88912,1,0.19292,0.19292,0.001,0.0005
1.616,425.08,667.91,6.446,0,1.0817e+05,0.88631,1,0.1932,0.1932,0.001,0.0005
1.6185,424.7,668.63,6.4536,0,1.0774e+05,0.88358,1,0.19348,0.19348,0.001,0.0005
1.6209,424.33,669.36,6.4587,0,1.0731e+05,0.88085,1,0.19376,0.19376,0.001,0.0005
1.6234,423.95,670.09,6.4638,0,1.0689e+05,0.87813,1,0.19404,0.19404,0.001,0.0005
1.6259,423.58,670.81,6.4688,0,1.0646e+05,0.87541,1,0.19432,0.19432,0.001,0.0005
1.6284,423.2,671.53,6.4741,0,1.0604e+05,0.87271,1,0.1946,0.1946,0.001,0.0005
1.6308,422.83,672.25,6.4798,0,1.0562e+05,0.87004,1,0.19488,0.19488,0.001,0.0005
1.6333,422.46,672.97,6.4854,0,1.052e+05,0.86737,1,0.19516,0.19516,0.001,0.0005
1.6357,422.09,673.68,6.4911,0,1.0479e+05,0.8647,1,0.19544,0.19544,0.001,0.0005
1.6382,421.72,674.4,6.4968,0,1.0437e+05,0.86202,1,0.19572,0.19572,0.001,0.0005
1.6406,421.35,675.11,6.4964,0,1.0396e+05,0.85941,1,0.196,0.196,0.001,0.0005
1.6431,420.98,675.81,6.4957,0,1.0356e+05,0.8568,1,0.19628,0.19628,0.001,0.0005
1.6455,420.61,676.52,6.495,0,1.0315e+05,0.85418,1,0.19656,0.19656,0.001,0.0005
1.6479,420.25,677.22,6.4943,0,1.0275e+05,0.85157,1,0.19684,0.19684,0.001,0.0005
1.6504,419.88,677.93,6.4924,0,1.0235e+05,0.84898,1,0.19712,0.19712,0.001,0.0005
1.6528,419.52,678.63,6.4891,0,1.0195e+05,0.84642,1,0.1974,0.1974,0.001,0.0005
1.6552,419.16,679.33,6.4859,0,1.0155e+05,0.84386,1,0.19768,0.19768,0.001,0.0005
1.6576,418.79,680.02,6.4827,0,1.0116e+05,0.8413,1,0.19796,0.19796,0.001,0.0005
1.66,418.43,680.72,6.4795,0,1.0076e+05,0.83874,1,0.19824,0.19824,0.001,0.0005
1.6624,418.07,681.41,6.5031,0,1.0037e+05,0.83621,1,0.19852,0.19852,0.001,0.0005
1.6649,417.71,682.11,6.5268,0,99982,0.83369,1,0.1988,0.1988,0.001,0.0005
1.6673,417.34,682.8,6.5505,0,99592,0.83116,1,0.19908,0.19908,0.001,0.0005
1.6697,416.98,683.49,6.5742,0,99203,0.82864,1,0.19936,0.19936,0.001,0.0005
1.6721,416.62,684.17,6.6011,0,98820,0.82615,1,0.19964,0.19964,0.001,0.0005
1.6744,416.27,684.83,6.6314,0,98444,0.8237,1,0.19992,0.19992,0.001,0.0005
1.6767,415.91,685.5,6.6618,0,98068,0.82125,1,0.2002,0.2002,0.001,0.0005
1.6791,415.56,686.16,6.6921,0,97691,0.8188,1,0.20048,0.20048,0.001,0.0005
1.6814,415.21,686.82,6.7223,0,97315,0.81635,1,0.20076,0.20076,0.001,0.0005
1.6837,414.86,687.46,6.721,0,96955,0.81399,1,0.20104,0.20104,0.001,0.0005
1.6859,414.52,688.11,6.7176,0,96595,0.81164,1,0.20132,0.20132,0.001,0.0005
1.6882,414.18,688.75,6.7142,0,96236,0.80929,1,0.2016,0.2016,0.001,0.0005
1.6905,413.83,689.39,6.7108,0,95877,0.80694,1,0.20188,0.20188,0.001,0.0005
1.6928,413.49,690.03,6.7031,0,95521,0.80462,1,0.20216,0.20216,0.001,0.0005
1.695,413.15,690.67,6.688,0,95172,0.80232,1,0.20244,0.20244,0.001,0.0005
1.6973,412.82,691.32,6.673,0,94822,0.80003,1,0.20272,0.20272,0.001,0.0005
1.6996,412.48,691.96,6.658,0,94473,0.79774,1,0.203,0.203,0.001,0.0005
1.7019,412.14,692.61,6.643,0,94123,0.79544,1,0.20328,0.20328,0.001,0.0005
1.7041,411.81,693.25,6.6385,0,93780,0.79319,1,0.20356,0.20356,0.001,0.0005
1.7064,411.47,693.89,6.6372,0,93439,0.79094,1,0.20384,0.20384,0.001,0.0005
1.7087,411.14,694.52,6.6358,0,93098,0.78869,1,0.20412,0.20412,0.001,0.0005
1.7109,410.8,695.16,6.6345,0,92757,0.78644,1,0.2044,0.2044,0.001,0.0005
1.7132,410.47,695.8,6.6327,0,92418,0.78421,1,0.20468,0.20468,0.001,0.0005
1.7153,410.14,696.4,6.628,0,92089,0.78204,1,0.20496,0.20496,0.001,0.0005
1.7175,409.82,697.01,6.6232,0,91761,0.77987,1,0.20524,0.20524,0.001,0.0005
1.7197,409.49,697.62,6.6186,0,91433,0.7777,1,0.20552,0.20552,0.001,0.0005
1.7219,409.17,698.22,6.6139,0,91105,0.77553,1,0.2058,0.2058,0.001,0.0005
1.724,408.84,698.82,6.609,0,90782,0.77339,1,0.20608,0.20608,0.001,0.0005
1.7261,408.53,699.39,6.6039,0,90465,0.77129,1,0.20636,0.20636,0.001,0.0005
1.7282,408.21,699.97,6.5989,0,90148,0.76919,1,0.20664,0.20664,0.001,0.0005
1.7303,407.89,700.55,6.5938,0,89831,0.76708,1,0.20692,0.20692,0.001,0.0005
1.7324,407.57,701.13,6.5888,0,89514,0.76498,1,0.2072,0.2072,0.001,0.0005
1.7345,407.26,701.69,6.5906,0,89205,0.76292,1,0.20748,0.20748,0.001,0.0005
1.7365,406.94,702.24,6.5938,0,88898,0.76087,1,0.20776,0.20776,0.001,0.0005
1.7386,406.63,702.8,6.5971,0,88590,0.75882,1,0.20804,0.20804,0.001,0.0005
1.7406,406.32,703.35,6.6003,0,88282,0.75677,1,0.20832,0.20832,0.001,0.0005
1.7426,406,703.91,6.6013,0,87976,0.75473,1,0.2086,0.2086,0.001,0.0005
1.7446,405.7,704.45,6.5859,0,87682,0.75277,1,0.20888,0.20888,0.001,0.0005
1.7466,405.4,704.99,6.5704,0,87389,0.75081,1,0.20916,0.20916,0.001,0.0005
1.7486,405.09,705.53,6.555,0,87095,0.74884,1,0.20944,0.20944,0.001,0.0005
1.7506,404.79,706.07,6.5395,0,86801,0.74688,1,0.20972,0.20972,0.001,0.0005
1.7526,404.49,706.61,6.5196,0,86511,0.74494,1,0.21,0.21,0.001,0.0005
1.7546,404.2,707.16,6.4924,0,86229,0.74305,1,0.21028,0.21028,0.001,0.0005
1.7566,403.9,707.7,6.4653,0,85947,0.74115,1,0.21056,0.21056,0.001,0.0005
1.7586,403.61,708.25,6.4382,0,85665,0.73926,1,0.21084,0.21084,0.001,0.0005
1.7606,403.31,708.8,6.4111,0,85382,0.73737,1,0.21112,0.21112,0.001,0.0005
1.7626,403.02,709.35,6.4012,0,85104,0.7355,1,0.2114,0.2114,0.001,0.0005
1.7646,402.73,709.9,6.4013,0,84828,0.73364,1,0.21168,0.21168,0.001,0.0005
1.7666,402.44,710.46,6.4015,0,84553,0.73178,1,0.21196,0.21196,0.001,0.0005
1.7686,402.15,711.02,6.4017,0,84277,0.72993,1,0.21224,0.21224,0.001,0.0005
1.7707,401.86,711.57,6.4018,0,84001,0.72807,1,0.21252,0.21252,0.001,0.0005
1.7726,401.57,712.11,6.4122,0,83733,0.72626,1,0.2128,0.2128,0.001,0.0005
1.7746,401.28,712.65,6.4244,0,83466,0.72446,1,0.21308,0.21308,0.001,0.0005
1.7766,401,713.19,6.4367,0,83199,0.72266,1,0.21336,0.21336,0.001,0.0005
1.7786,400.71,713.73,6.4489,0,82933,0.72085,1,0.21364,0.21364,0.001,0.0005
1.7805,400.43,714.26,6.4606,0,82666,0.71905,1,0.21392,0.21392,0.001,0.0005
1.7824,400.15,714.78,6.4515,0,82408,0.7173,1,0.2142,0.2142,0.001,0.0005
1.7844,399.87,715.29,6.4424,0,82149,0.71555,1,0.21448,0.21448,0.001,0.0005
1.7863,399.59,715.81,6.4333,0,81891,0.7138,1,0.21476,0.21476,0.001,0.0005
1.7882,399.31,716.33,6.4243,0,81632,0.71205,1,0.21504,0.21504,0.001,0.0005
1.7901,399.03,716.84,6.4162,0,81374,0.71029,1,0.21532,0.21532,0.001,0.0005
1.792,398.75,717.36,6.4129,0,81115,0.70853,1,0.2156,0.2156,0.001,0.0005
1.794,398.46,717.89,6.4096,0,80855,0.70677,1,0.21588,0.21588,0.001,0.0005
1.7959,398.18,718.41,6.4063,0,80596,0.705,1,0.21616,0.21616,0.001,0.0005
1.7979,397.89,718.93,6.403,0,80336,0.70324,1,0.21644,0.21644,0.001,0.0005
1.7998,397.61,719.46,6.411,0,80076,0.70146,1,0.21672,0.21672,0.001,0.0005
1.8018,397.31,719.99,6.4439,0,79812,0.69966,1,0.217,0.217,0.001,0.0005
1.8038,397.02,720.52,6.4769,0,79548,0.69786,1,0.21728,0.21728,0.001,0.0005
1.8058,396.73,721.05,6.5098,0,79284,0.69606,1,0.21756,0.21756,0.001,0.0005
1.8078,396.44,721.58,6.5426,0,79020,0.69426,1,0.21784,0.21784,0.001,0.0005
1.8098,396.14,722.11,6.5826,0,78757,0.69246,1,0.21812,0.21812,0.001,0.0005
1.8118,395.85,722.63,6.6329,0,78494,0.69066,1,0.2184,0.2184,0.001,0.0005
1.8138,395.55,723.16,6.6831,0,78232,0.68886,1,0.21868,0.21868,0.001,0.0005
1.8158,395.26,723.68,6.7332,0,77969,0.68706,1,0.21896,0.21896,0.001,0.0005
1.8178,394.96,724.21,6.7833,0,77706,0.68526,1,0.21924,0.21924,0.001,0.0005
1.8198,394.67,724.73,6.8319,0,77445,0.68347,1,0.21952,0.21952,0.001,0.0005
1.8218,394.37,725.26,6.879,0,77186,0.68169,1,0.2198,0.2198,0.001,0.0005
1.8238,394.08,725.79,6.9261,0,76926,0.6799,1,0.22008,0.22008,0.001,0.0005
1.8258,393.78,726.31,6.9732,0,76666,0.67811,1,0.22036,0.22036,0.001,0.0005
1.8278,393.49,726.84,7.0201,0,76407,0.67633,1,0.22064,0.22064,0.001,0.0005
1.8299,393.19,727.38,7.0707,0,76147,0.67454,1,0.22092,0.22092,0.001,0.0005
1.832,392.89,727.93,7.1244,0,75887,0.67274,1,0.2212,0.2212,0.001,0.0005
1.834,392.59,728.48,7.178,0,75626,0.67095,1,0.22148,0.22148,0.001,0.0005
1.8361,392.29,729.03,7.2316,0,75366,0.66915,1,0.22176,0.22176,0.001,0.0005
1.8382,391.99,729.57,7.2852,0,75106,0.66736,1,0.22204,0.22204,0.001,0.0005
1.8403,391.69,730.13,7.3369,0,74846,0.66556,1,0.22232,0.22232,0.001,0.0005
1.8425,391.38,730.7,7.3871,0,74586,0.66376,1,0.2226,0.2226,0.001,0.0005
1.8446,391.08,731.26,7.4373,0,74326,0.66196,1,0.22288,0.22288,0.001,0.0005
1.8468,390.77,731.83,7.4874,0,74066,0.66016,1,0.22316,0.22316,0.001,0.0005
1.8489,390.47,732.39,7.5375,0,73806,0.65836,1,0.22344,0.22344,0.001,0.0005
1.8511,390.16,732.96,7.581,0,73547,0.65656,1,0.22372,0.22372,0.001,0.0005
1.8532,389.86,733.54,7.6186,0,73287,0.65475,1,0.224,0.224,0.001,0.0005
1.8554,389.55,734.11,7.6562,0,73028,0.65295,1,0.22428,0.22428,0.001,0.0005
1.8576,389.24,734.69,7.6938,0,72768,0.65114,1,0.22456,0.22456,0.001,0.0005
1.8598,388.93,735.26,7.7313,0,72509,0.64934,1,0.22484,0.22484,0.001,0.0005
1.862,388.62,735.84,7.7731,0,72248,0.64752,1,0.22512,0.22512,0.001,0.0005
1.8643,388.31,736.43,7.8197,0,71985,0.64568,1,0.2254,0.2254,0.001,0.0005
1.8665,387.99,737.02,7.8663,0,71722,0.64384,1,0.22568,0.22568,0.001,0.0005
1.8688,387.67,737.61,7.9128,0,71458,0.64201,1,0.22596,0.22596,0.001,0.0005
1.871,387.36,738.19,7.9593,0,71195,0.64017,1,0.22624,0.22624,0.001,0.0005
1.8733,387.04,738.78,8.0111,0,70931,0.63832,1,0.22652,0.22652,0.001,0.0005
1.8756,386.71,739.37,8.0707,0,70665,0.63645,1,0.2268,0.2268,0.001,0.0005
1.8779,386.39,739.97,8.1302,0,70398,0.63458,1,0.22708,0.22708,0.001,0.0005
1.8802,386.06,740.56,8.1898,0,70132,0.63271,1,0.22736,0.22736,0.001,0.0005
1.8825,385.74,741.15,8.2493,0,69865,0.63085,1,0.22764,0.22764,0.001,0.0005
1.8848,385.41,741.74,8.3083,0,69598,0.62897,1,0.22792,0.22792,0.001,0.0005
1.8871,385.08,742.32,8.3659,0,69332,0.62709,1,0.2282,0.2282,0.001,0.0005
1.8894,384.75,742.91,8.4235,0,69065,0.62522,1,0.22848,0.22848,0.001,0.0005
1.8917,384.42,743.49,8.4811,0,68798,0.62334,1,0.22876,0.22876,0.001,0.0005
1.894,384.09,744.08,8.5387,0,68531,0.62146,1,0.22904,0.22904,0.001,0.0005
1.8963,383.75,744.67,8.5955,0,68265,0.61958,1,0.22932,0.22932,0.001,0.0005
1.8986,383.42,745.25,8.649,0,68001,0.61772,1,0.2296,0.2296,0.001,0.0005
1.9009,383.09,745.83,8.7024,0,67737,0.61585,1,0.22988,0.22988,0.001,0.0005
1.9032,382.76,746.42,8.7558,0,67474,0.61399,1,0.23016,0.23016,0.001,0.0005
1.9055,382.43,747,8.8093,0,67210,0.61212,1,0.23044,0.23044,0.001,0.0005
1.9079,382.1,747.58,8.8627,0,66947,0.61026,1,0.23072,0.23072,0.001,0.0005
1.9101,381.77,748.16,8.8855,0,66693,0.60846,1,0.231,0.231,0.001,0.0005
1.9124,381.45,748.73,8.9083,0,66440,0.60666,1,0.23128,0.23128,0.001,0.0005
1.9147,381.12,749.31,8.9311,0,66186,0.60486,1,0.23156,0.23156,0.001,0.0005
1.917,380.8,749.88,8.954,0,65933,0.60305,1,0.23184,0.23184,0.001,0.0005
1.9193,380.47,750.46,8.9769,0,65679,0.60125,1,0.23212,0.23212,0.001,0.0005
1.9215,380.16,751.02,8.9695,0,65436,0.59952,1,0.2324,0.2324,0.001,0.0005
1.9237,379.85,751.58,8.955,0,65196,0.59781,1,0.23268,0.23268,0.001,0.0005
1.926,379.53,752.14,8.9405,0,64955,0.59609,1,0.23296,0.23296,0.001,0.0005
1.9282,379.22,752.7,8.9261,0,64715,0.59438,1,0.23324,0.23324,0.001,0.0005
1.9304,378.91,753.26,8.9117,0,64475,0.59266,1,0.23352,0.23352,0.001,0.0005
1.9326,378.6,753.81,8.9012,0,64239,0.59098,1,0.2338,0.2338,0.001,0.0005
1.9347,378.3,754.34,8.8934,0,64008,0.58932,1,0.23408,0.23408,0.001,0.0005
1.9369,377.99,754.87,8.8856,0,63777,0.58766,1,0.23436,0.23436,0.001,0.0005
1.939,377.69,755.41,8.8778,0,63545,0.58601,1,0.23464,0.23464,0.001,0.0005
1.9412,377.38,755.94,8.8701,0,63314,0.58435,1,0.23492,0.23492,0.001,0.0005
1.9433,377.08,756.46,8.864,0,63085,0.58271,1,0.2352,0.2352,0.001,0.0005
1.9453,376.78,756.94,8.8612,0,62863,0.58111,1,0.23548,0.23548,0.001,0.0005
1.9473,376.48,757.42,8.8584,0,62641,0.57951,1,0.23576,0.23576,0.001,0.0005
1.9493,376.19,757.9,8.8557,0,62419,0.57791,1,0.23604,0.23604,0.001,0.0005
1.9513,375.89,758.38,8.853,0,62197,0.57632,1,0.23632,0.23632,0.001,0.0005
1.9533,375.59,758.85,8.8452,0,61975,0.57472,1,0.2366,0.2366,0.001,0.0005
1.9551,375.31,759.28,8.7658,0,61767,0.57322,1,0.23688,0.23688,0.001,0.0005
1.957,375.03,759.71,8.6864,0,61559,0.57172,1,0.23716,0.23716,0.001,0.0005
1.9588,374.75,760.13,8.6071,0,61352,0.57022,1,0.23744,0.23744,0.001,0.0005
1.9606,374.46,760.56,8.5279,0,61144,0.56872,1,0.23772,0.23772,0.001,0.0005
1.9625,374.18,760.99,8.4487,0,60936,0.56722,1,0.238,0.238,0.001,0.0005
1.9643,373.9,761.41,8.3747,0,60734,0.56575,1,0.23828,0.23828,0.001,0.0005
1.9661,373.63,761.84,8.3023,0,60534,0.5643,1,0.23856,0.23856,0.001,0.0005
1.9679,373.35,762.27,8.23,0,60334,0.56286,1,0.23884,0.23884,0.001,0.0005
1.9698,373.08,762.7,8.1577,0,60135,0.56141,1,0.23912,0.23912,0.001,0.0005
1.9716,372.8,763.12,8.0855,0,59935,0.55996,1,0.2394,0.2394,0.001,0.0005
1.9734,372.53,763.55,8.058,0,59737,0.55852,1,0.23968,0.23968,0.001,0.0005
1.9752,372.26,763.97,8.092,0,59543,0.55711,1,0.23996,0.23996,0.001,0.0005
1.977,371.99,764.39,8.1261,0,59349,0.5557,1,0.24024,0.24024,0.001,0.0005
1.9788,371.71,764.81,8.1602,0,59155,0.55428,1,0.24052,0.24052,0.001,0.0005
1.9806,371.44,765.23,8.1943,0,58961,0.55287,1,0.2408,0.2408,0.001,0.0005
1.9824,371.17,765.64,8.2265,0,58767,0.55146,1,0.24108,0.24108,0.001,0.0005
1.984,370.93,766.01,8.2212,0,58595,0.5502,1,0.24136,0.24136,0.001,0.0005
1.9856,370.69,766.37,8.2159,0,58423,0.54895,1,0.24164,0.24164,0.001,0.0005
1.9872,370.44,766.74,8.2106,0,58250,0.54769,1,0.24192,0.24192,0.001,0.0005
1.9888,370.2,767.1,8.2053,0,58078,0.54643,1,0.2422,0.2422,0.001,0.0005
1.9904,369.95,767.47,8.2,0,57906,0.54517,1,0.24248,0.24248,0.001,0.0005
1.992,369.73,767.82,8.1006,0,57751,0.54404,1,0.24276,0.24276,0.001,0.0005
1.9934,369.53,768.17,7.9486,0,57605,0.54297,1,0.24304,0.24304,0.001,0.0005
1.9949,369.32,768.52,7.7966,0,57460,0.5419,1,0.24332,0.24332,0.001,0.0005
1.9964,369.11,768.87,7.6447,0,57314,0.54084,1,0.2436,0.2436,0.001,0.0005
1.9978,368.9,769.22,7.4928,0,57169,0.53977,1,0.24388,0.24388,0.001,0.0005
1.9993,368.69,769.58,7.3529,0,57025,0.53871,1,0.24416,0.24416,0.001,0.0005
2.0009,368.49,769.98,7.2605,0,56885,0.53769,1,0.24444,0.24444,0.001,0.0005
2.0025,368.29,770.37,7.1682,0,56745,0.53666,1,0.24472,0.24472,0.001,0.0005
2.004,368.09,770.77,7.0761,0,56606,0.53563,1,0.245,0.245,0.001,0.0005
2.0056,367.88,771.16,6.984,0,56466,0.5346,1,0.24528,0.24528,0.001,0.0005
2.0072,367.68,771.56,6.8921,0,56326,0.53358,1,0.24556,0.24556,0.001,0.0005
2.0087,367.48,771.93,6.8964,0,56185,0.53254,1,0.24584,0.24584,0.001,0.0005
2.0102,367.27,772.28,6.9381,0,56043,0.53149,1,0.24612,0.24612,0.001,0.0005
2.0117,367.06,772.64,6.9799,0,55901,0.53044,1,0.2464,0.2464,0.001,0.0005
2.0132,366.85,772.99,7.0217,0,55759,0.5294,1,0.24668,0.24668,0.001,0.0005
2.0147,366.64,773.35,7.0636,0,55617,0.52835,1,0.24696,0.24696,0.001,0.0005
2.0161,366.44,773.67,7.0862,0,55479,0.52733,1,0.24724,0.24724,0.001,0.0005
2.0171,366.26,773.88,7.033,0,55353,0.5264,1,0.24752,0.24752,0.001,0.0005
2.0182,366.07,774.08,6.9798,0,55228,0.52548,1,0.2478,0.2478,0.001,0.0005
2.0192,365.89,774.29,6.9266,0,55103,0.52455,1,0.24808,0.24808,0.001,0.0005
2.0203,365.7,774.49,6.8735,0,54978,0.52363,1,0.24836,0.24836,0.001,0.0005
2.0213,365.52,774.7,6.8203,0,54853,0.5227,1,0.24864,0.24864,0.001,0.0005
2.0222,365.35,774.86,6.6814,0,54743,0.52188,1,0.24892,0.24892,0.001,0.0005
2.0229,365.2,774.99,6.4959,0,54641,0.52113,1,0.2492,0.2492,0.001,0.0005
2.0237,365.05,775.13,6.3104,0,54538,0.52037,1,0.24948,0.24948,0.001,0.0005
2.0245,364.9,775.26,6.125,0,54436,0.51961,1,0.24976,0.24976,0.001,0.0005
2.0252,364.74,775.4,5.9398,0,54334,0.51886,1,0.25004,0.25004,0.001,0.0005
2.026,364.59,775.54,5.7594,0,54232,0.5181,1,0.25032,0.25032,0.001,0.0005
2.027,364.44,775.74,5.6674,0,54134,0.51737,1,0.2506,0.2506,0.001,0.0005
2.0279,364.29,775.95,5.5755,0,54036,0.51664,1,0.25088,0.25088,0.001,0.0005
2.0289,364.15,776.15,5.4837,0,53938,0.51592,1,0.25116,0.25116,0.001,0.0005
2.0298,364,776.36,5.392,0,53840,0.51519,1,0.25144,0.25144,0.001,0.0005
2.0308,363.85,776.56,5.3004,0,53742,0.51446,1,0.25172,0.25172,0.001,0.0005
2.0317,363.71,776.78,5.2706,0,53646,0.51374,1,0.252,0.252,0.001,0.0005
2.0327,363.56,777,5.3126,0,53551,0.51303,1,0.25228,0.25228,0.001,0.0005
2.0337,363.42,777.22,5.3547,0,53456,0.51233,1,0.25256,0.25256,0.001,0.0005
2.0347,363.27,777.45,5.3968,0,53360,0.51162,1,0.25284,0.25284,0.001,0.0005
2.0357,363.13,777.67,5.439,0,53265,0.51091,1,0.25312,0.25312,0.001,0.0005
2.0367,362.98,777.89,5.4812,0,53170,0.5102,1,0.2534,0.2534,0.001,0.0005
2.0374,362.87,778.04,5.4481,0,53094,0.50963,1,0.25368,0.25368,0.001,0.0005
2.0381,362.76,778.18,5.3995,0,53021,0.50909,1,0.25396,0.25396,0.001,0.0005
2.0387,362.65,778.32,5.351,0,52948,0.50854,1,0.25424,0.25424,0.001,0.0005
2.0394,362.53,778.45,5.3024,0,52875,0.508,1,0.25452,0.25452,0.001,0.0005
2.0401,362.42,778.59,5.2538,0,52803,0.50746,1,0.2548,0.2548,0.001,0.0005
2.0407,362.32,778.72,5.1875,0,52734,0.50694,1,0.25508,0.25508,0.001,0.0005
2.0412,362.24,778.85,5.0257,0,52685,0.50658,1,0.25536,0.25536,0.001,0.0005
2.0418,362.17,778.98,4.8641,0,52635,0.50621,1,0.25564,0.25564,0.001,0.0005
2.0423,362.09,779.1,4.7025,0,52586,0.50584,1,0.25592,0.25592,0.001,0.0005
2.0429,362.02,779.23,4.541,0,52537,0.50548,1,0.2562,0.2562,0.001,0.0005
2.0434,361.94,779.36,4.3795,0,52488,0.50511,1,0.25648,0.25648,0.001,0.0005
2.044,361.87,779.51,4.2525,0,52441,0.50476,1,0.25676,0.25676,0.001,0.0005
2.0447,361.8,779.69,4.1683,0,52396,0.50442,1,0.25704,0.25704,0.001,0.0005
2.0454,361.73,779.87,4.0842,0,52351,0.50408,1,0.25732,0.25732,0.001,0.0005
2.046,361.66,780.05,4.0003,0,52305,0.50374,1,0.2576,0.2576,0.001,0.0005
2.0467,361.59,780.23,3.9164,0,52260,0.50341,1,0.25788,0.25788,0.001,0.0005
2.0474,361.52,780.41,3.8327,0,52215,0.50307,1,0.25816,0.25816,0.001,0.0005
2.048,361.45,780.57,3.7994,0,52168,0.50272,1,0.25844,0.25844,0.001,0.0005
2.0486,361.37,780.73,3.7886,0,52120,0.50236,1,0.25872,0.25872,0.001,0.0005
2.0492,361.3,780.89,3.7778,0,52072,0.502,1,0.259,0.259,0.001,0.0005
2.0499,361.22,781.04,3.767,0,52025,0.50164,1,0.25928,0.25928,0.001,0.0005
2.0505,361.15,781.2,3.7563,0,51977,0.50128,1,0.25956,0.25956,0.001,0.0005
2.0511,361.08,781.36,3.7457,0,51929,0.50093,1,0.25984,0.25984,0.001,0.0005
2.0515,361.02,781.46,3.6719,0,51892,0.50065,1,0.26012,0.26012,0.001,0.0005
2.052,360.96,781.56,3.5915,0,51855,0.50037,1,0.2604,0.2604,0.001,0.0005
2.0524,360.9,781.67,3.5112,0,51819,0.5001,1,0.26068,0.26068,0.001,0.0005
2.0528,360.85,781.77,3.4308,0,51782,0.49983,1,0.26096,0.26096,0.001,0.0005
2.0532,360.79,781.87,3.3504,0,51746,0.49956,1,0.26124,0.26124,0.001,0.0005
2.0537,360.74,781.97,3.2652,0,51711,0.49929,1,0.26152,0.26152,0.001,0.0005
2.0539,360.71,782.03,3.1247,0,51693,0.49916,1,0.2618,0.2618,0.001,0.0005
2.0541,360.68,782.09,2.9842,0,51675,0.49903,1,0.26208,0.26208,0.001,0.0005
2.0544,360.65,782.15,2.8436,0,51657,0.49889,1,0.26236,0.26236,0.001,0.0005
2.0546,360.62,782.21,2.7031,0,51639,0.49876,1,0.26264,0.26264,0.001,0.0005
2.0549,360.6,782.28,2.5624,0,51622,0.49862,1,0.26292,0.26292,0.001,0.0005
2.0551,360.57,782.34,2.4335,0,51605,0.49849,1,0.2632,0.2632,0.001,0.0005
2.0553,360.55,782.38,2.346,0,51591,0.49839,1,0.26348,0.26348,0.001,0.0005
2.0555,360.53,782.43,2.2585,0,51578,0.49829,1,0.26376,0.26376,0.001,0.0005
2.0556,360.51,782.48,2.1709,0,51564,0.49819,1,0.26404,0.26404,0.001,0.0005
2.0558,360.49,782.52,2.0833,0,51550,0.49809,1,0.26432,0.26432,0.001,0.0005
2.056,360.47,782.57,1.9956,0,51537,0.49799,1,0.2646,0.2646,0.001,0.0005
2.0562,360.44,782.62,1.9297,0,51522,0.49787,1,0.26488,0.26488,0.001,0.0005
2.0564,360.41,782.67,1.9082,0,51503,0.49773,1,0.26516,0.26516,0.001,0.0005
2.0566,360.38,782.72,1.8868,0,51484,0.49759,1,0.26544,0.26544,0.001,0.0005
2.0568,360.35,782.77,1.8653,0,51466,0.49745,1,0.26572,0.26572,0.001,0.0005
2.0571,360.33,782.82,1.8438,0,51447,0.49731,1,0.266,0.266,0.001,0.0005
2.0573,360.3,782.87,1.8223,0,51428,0.49717,1,0.26628,0.26628,0.001,0.0005
2.0575,360.27,782.92,1.8106,0,51409,0.49702,1,0.26656,0.26656,0.001,0.0005
2.0577,360.23,782.96,1.8136,0,51387,0.49686,1,0.26684,0.26684,0.001,0.0005
2.0579,360.2,783,1.8166,0,51366,0.4967,1,0.26712,0.26712,0.001,0.0005
2.0581,360.17,783.05,1.8195,0,51344,0.49654,1,0.2674,0.2674,0.001,0.0005
2.0583,360.13,783.09,1.8225,0,51323,0.49638,1,0.26768,0.26768,0.001,0.0005
2.0585,360.1,783.13,1.8254,0,51302,0.49622,1,0.26796,0.26796,0.001,0.0005
2.0587,360.06,783.17,1.8287,0,51279,0.49605,1,0.26824,0.26824,0.001,0.0005
2.0589,360.03,783.21,1.8324,0,51256,0.49587,1,0.26852,0.26852,0.001,0.0005
2.0591,359.99,783.25,1.8362,0,51233,0.4957,1,0.2688,0.2688,0.001,0.0005
2.0593,359.96,783.29,1.8399,0,51209,0.49552,1,0.26908,0.26908,0.001,0.0005
2.0595,359.92,783.33,1.8436,0,51186,0.49535,1,0.26936,0.26936,0.001,0.0005
2.0597,359.88,783.36,1.8473,0,51163,0.49517,1,0.26964,0.26964,0.001,0.0005
2.06,359.84,783.41,1.8542,0,51138,0.49498,1,0.26992,0.26992,0.001,0.0005
2.0603,359.8,783.47,1.8649,0,51111,0.49478,1,0.2702,0.2702,0.001,0.0005
2.0605,359.76,783.53,1.8756,0,51085,0.49458,1,0.27048,0.27048,0.001,0.0005
2.0608,359.72,783.59,1.8862,0,51058,0.49438,1,0.27076,0.27076,0.001,0.0005
2.0611,359.68,783.65,1.8969,0,51032,0.49418,1,0.27104,0.27104,0.001,0.0005
2.0613,359.64,783.7,1.9075,0,51005,0.49398,1,0.27132,0.27132,0.001,0.0005
2.0617,359.59,783.78,1.9189,0,50977,0.49377,1,0.2716,0.2716,0.001,0.0005
2.062,359.55,783.86,1.9311,0,50946,0.49354,1,0.27188,0.27188,0.001,0.0005
2.0624,359.5,783.95,1.9434,0,50916,0.49331,1,0.27216,0.27216,0.001,0.0005
2.0627,359.45,784.04,1.9556,0,50885,0.49308,1,0.27244,0.27244,0.001,0.0005
2.0631,359.41,784.12,1.9678,0,50855,0.49284,1,0.27272,0.27272,0.001,0.0005
2.0635,359.36,784.21,1.9801,0,50825,0.49261,1,0.273,0.273,0.001,0.0005
2.0638,359.31,784.3,1.9948,0,50794,0.49238,1,0.27328,0.27328,0.001,0.0005
2.0642,359.26,784.39,2.0133,0,50764,0.49216,1,0.27356,0.27356,0.001,0.0005
2.0646,359.21,784.48,2.0318,0,50734,0.49194,1,0.27384,0.27384,0.001,0.0005
2.065,359.16,784.57,2.0503,0,50704,0.49172,1,0.27412,0.27412,0.001,0.0005
2.0654,359.11,784.66,2.0688,0,50674,0.4915,1,0.2744,0.2744,0.001,0.0005
2.0658,359.06,784.75,2.0873,0,50644,0.49128,1,0.27468,0.27468,0.001,0.0005
2.0662,359.01,784.84,2.1022,0,50592,0.49085,1,0.27496,0.27496,0.001,0.0005
2.0665,358.95,784.92,2.1099,0,50497,0.48999,1,0.27524,0.27524,0.001,0.0005
2.0668,358.9,784.99,2.1175,0,50402,0.48914,1,0.27552,0.27552,0.001,0.0005
2.0672,358.85,785.07,2.1251,0,50307,0.48829,1,0.2758,0.2758,0.001,0.0005
2.0675,358.8,785.14,2.1327,0,50212,0.48744,1,0.27608,0.27608,0.001,0.0005
2.0679,358.75,785.22,2.1403,0,50117,0.48658,1,0.27636,0.27636,0.001,0.0005
2.0695,358.48,785.53,2.2194,0,86858,0.85545,1,0.27664,0.27664,0.001,0.0005
2.075,357.53,786.54,2.5176,0,2.3625e+05,2.355,1,0.27692,0.27692,0.001,0.0005
2.0805,356.59,787.55,2.8159,0,3.8566e+05,3.8546,1,0.2772,0.2772,0.001,0.0005
2.086,355.65,788.57,3.1143,0,5.3504e+05,5.3541,1,0.27748,0.27748,0.001,0.0005
2.0915,354.7,789.58,3.4127,0,6.8443e+05,6.8536,1,0.27776,0.27776,0.001,0.0005
2.097,353.76,790.6,3.7112,0,8.3382e+05,8.3531,1,0.27804,0.27804,0.001,0.0005
2.1025,352.82,791.6,4.0123,0,9.4337e+05,9.4531,1,0.27832,0.27832,0.001,0.0005
2.1079,351.9,792.58,4.3303,0,7.9447e+05,7.9611,1,0.2786,0.2786,0.001,0.0005
2.1132,350.98,793.56,4.6484,0,6.4558e+05,6.4692,1,0.27888,0.27888,0.001,0.0005
2.1185,350.06,794.54,4.9665,0,4.9668e+05,4.9773,1,0.27916,0.27916,0.001,0.0005
2.1239,349.14,795.51,5.2848,0,3.4778e+05,3.4852,1,0.27944,0.27944,0.001,0.0005
2.1292,348.22,796.49,5.6031,0,1.9889e+05,1.9933,1,0.27972,0.27972,0.001,0.0005
2.1345,347.3,797.47,5.9215,0,50000,0.50145,1,0.28,0.28,0.001,0.0005
